[2026-06-15 13:50:20] local.ERROR: The C:\Users\user\Documents\amarImsfinal\bootstrap\cache directory must be present and writable. {"exception":"[object] (Exception(code: 0): The C:\\Users\\user\\Documents\\amarImsfinal\\bootstrap\\cache directory must be present and writable. at C:\\Users\\user\\Documents\\amarImsfinal\\vendor\\laravel\\framework\\src\\Illuminate\\Foundation\\PackageManifest.php:178)
[stacktrace]
#0 C:\\Users\\user\\Documents\\amarImsfinal\\vendor\\laravel\\framework\\src\\Illuminate\\Foundation\\PackageManifest.php(131): Illuminate\\Foundation\\PackageManifest->write(Array)
#1 C:\\Users\\user\\Documents\\amarImsfinal\\vendor\\laravel\\framework\\src\\Illuminate\\Foundation\\PackageManifest.php(107): Illuminate\\Foundation\\PackageManifest->build()
#2 C:\\Users\\user\\Documents\\amarImsfinal\\vendor\\laravel\\framework\\src\\Illuminate\\Foundation\\PackageManifest.php(90): Illuminate\\Foundation\\PackageManifest->getManifest()
#3 C:\\Users\\user\\Documents\\amarImsfinal\\vendor\\laravel\\framework\\src\\Illuminate\\Foundation\\PackageManifest.php(79): Illuminate\\Foundation\\PackageManifest->config('aliases')
#4 C:\\Users\\user\\Documents\\amarImsfinal\\vendor\\laravel\\framework\\src\\Illuminate\\Foundation\\Bootstrap\\RegisterFacades.php(26): Illuminate\\Foundation\\PackageManifest->aliases()
#5 C:\\Users\\user\\Documents\\amarImsfinal\\vendor\\laravel\\framework\\src\\Illuminate\\Foundation\\Application.php(265): Illuminate\\Foundation\\Bootstrap\\RegisterFacades->bootstrap(Object(Illuminate\\Foundation\\Application))
#6 C:\\Users\\user\\Documents\\amarImsfinal\\vendor\\laravel\\framework\\src\\Illuminate\\Foundation\\Console\\Kernel.php(383): Illuminate\\Foundation\\Application->bootstrapWith(Array)
#7 C:\\Users\\user\\Documents\\amarImsfinal\\vendor\\laravel\\framework\\src\\Illuminate\\Foundation\\Console\\Kernel.php(153): Illuminate\\Foundation\\Console\\Kernel->bootstrap()
#8 Command line code(1): Illuminate\\Foundation\\Console\\Kernel->handle(Object(Symfony\\Component\\Console\\Input\\ArgvInput), Object(Symfony\\Component\\Console\\Output\\ConsoleOutput))
#9 {main}
"} 
[2026-06-15 13:50:42] local.ERROR: The C:\Users\user\Documents\amarImsfinal\bootstrap\cache directory must be present and writable. {"exception":"[object] (Exception(code: 0): The C:\\Users\\user\\Documents\\amarImsfinal\\bootstrap\\cache directory must be present and writable. at C:\\Users\\user\\Documents\\amarImsfinal\\vendor\\laravel\\framework\\src\\Illuminate\\Foundation\\PackageManifest.php:178)
[stacktrace]
#0 C:\\Users\\user\\Documents\\amarImsfinal\\vendor\\laravel\\framework\\src\\Illuminate\\Foundation\\PackageManifest.php(131): Illuminate\\Foundation\\PackageManifest->write(Array)
#1 C:\\Users\\user\\Documents\\amarImsfinal\\vendor\\laravel\\framework\\src\\Illuminate\\Foundation\\PackageManifest.php(107): Illuminate\\Foundation\\PackageManifest->build()
#2 C:\\Users\\user\\Documents\\amarImsfinal\\vendor\\laravel\\framework\\src\\Illuminate\\Foundation\\PackageManifest.php(90): Illuminate\\Foundation\\PackageManifest->getManifest()
#3 C:\\Users\\user\\Documents\\amarImsfinal\\vendor\\laravel\\framework\\src\\Illuminate\\Foundation\\PackageManifest.php(79): Illuminate\\Foundation\\PackageManifest->config('aliases')
#4 C:\\Users\\user\\Documents\\amarImsfinal\\vendor\\laravel\\framework\\src\\Illuminate\\Foundation\\Bootstrap\\RegisterFacades.php(26): Illuminate\\Foundation\\PackageManifest->aliases()
#5 C:\\Users\\user\\Documents\\amarImsfinal\\vendor\\laravel\\framework\\src\\Illuminate\\Foundation\\Application.php(265): Illuminate\\Foundation\\Bootstrap\\RegisterFacades->bootstrap(Object(Illuminate\\Foundation\\Application))
#6 C:\\Users\\user\\Documents\\amarImsfinal\\vendor\\laravel\\framework\\src\\Illuminate\\Foundation\\Http\\Kernel.php(176): Illuminate\\Foundation\\Application->bootstrapWith(Array)
#7 C:\\Users\\user\\Documents\\amarImsfinal\\vendor\\laravel\\framework\\src\\Illuminate\\Foundation\\Http\\Kernel.php(160): Illuminate\\Foundation\\Http\\Kernel->bootstrap()
#8 C:\\Users\\user\\Documents\\amarImsfinal\\vendor\\laravel\\framework\\src\\Illuminate\\Foundation\\Http\\Kernel.php(134): Illuminate\\Foundation\\Http\\Kernel->sendRequestThroughRouter(Object(Illuminate\\Http\\Request))
#9 C:\\Users\\user\\Documents\\amarImsfinal\\public\\index.php(51): Illuminate\\Foundation\\Http\\Kernel->handle(Object(Illuminate\\Http\\Request))
#10 C:\\Users\\user\\Documents\\amarImsfinal\\vendor\\laravel\\framework\\src\\Illuminate\\Foundation\\resources\\server.php(16): require_once('C:\\\\Users\\\\user\\\\D...')
#11 {main}
"} 
[2026-06-15 13:51:02] local.ERROR: The C:\Users\user\Documents\amarImsfinal\bootstrap\cache directory must be present and writable. {"exception":"[object] (Exception(code: 0): The C:\\Users\\user\\Documents\\amarImsfinal\\bootstrap\\cache directory must be present and writable. at C:\\Users\\user\\Documents\\amarImsfinal\\vendor\\laravel\\framework\\src\\Illuminate\\Foundation\\PackageManifest.php:178)
[stacktrace]
#0 C:\\Users\\user\\Documents\\amarImsfinal\\vendor\\laravel\\framework\\src\\Illuminate\\Foundation\\PackageManifest.php(131): Illuminate\\Foundation\\PackageManifest->write(Array)
#1 C:\\Users\\user\\Documents\\amarImsfinal\\vendor\\laravel\\framework\\src\\Illuminate\\Foundation\\PackageManifest.php(107): Illuminate\\Foundation\\PackageManifest->build()
#2 C:\\Users\\user\\Documents\\amarImsfinal\\vendor\\laravel\\framework\\src\\Illuminate\\Foundation\\PackageManifest.php(90): Illuminate\\Foundation\\PackageManifest->getManifest()
#3 C:\\Users\\user\\Documents\\amarImsfinal\\vendor\\laravel\\framework\\src\\Illuminate\\Foundation\\PackageManifest.php(79): Illuminate\\Foundation\\PackageManifest->config('aliases')
#4 C:\\Users\\user\\Documents\\amarImsfinal\\vendor\\laravel\\framework\\src\\Illuminate\\Foundation\\Bootstrap\\RegisterFacades.php(26): Illuminate\\Foundation\\PackageManifest->aliases()
#5 C:\\Users\\user\\Documents\\amarImsfinal\\vendor\\laravel\\framework\\src\\Illuminate\\Foundation\\Application.php(265): Illuminate\\Foundation\\Bootstrap\\RegisterFacades->bootstrap(Object(Illuminate\\Foundation\\Application))
#6 C:\\Users\\user\\Documents\\amarImsfinal\\vendor\\laravel\\framework\\src\\Illuminate\\Foundation\\Http\\Kernel.php(176): Illuminate\\Foundation\\Application->bootstrapWith(Array)
#7 C:\\Users\\user\\Documents\\amarImsfinal\\vendor\\laravel\\framework\\src\\Illuminate\\Foundation\\Http\\Kernel.php(160): Illuminate\\Foundation\\Http\\Kernel->bootstrap()
#8 C:\\Users\\user\\Documents\\amarImsfinal\\vendor\\laravel\\framework\\src\\Illuminate\\Foundation\\Http\\Kernel.php(134): Illuminate\\Foundation\\Http\\Kernel->sendRequestThroughRouter(Object(Illuminate\\Http\\Request))
#9 C:\\Users\\user\\Documents\\amarImsfinal\\public\\index.php(51): Illuminate\\Foundation\\Http\\Kernel->handle(Object(Illuminate\\Http\\Request))
#10 C:\\Users\\user\\Documents\\amarImsfinal\\vendor\\laravel\\framework\\src\\Illuminate\\Foundation\\resources\\server.php(16): require_once('C:\\\\Users\\\\user\\\\D...')
#11 {main}
"} 
[2026-06-15 13:51:08] local.ERROR: The C:\Users\user\Documents\amarImsfinal\bootstrap\cache directory must be present and writable. {"exception":"[object] (Exception(code: 0): The C:\\Users\\user\\Documents\\amarImsfinal\\bootstrap\\cache directory must be present and writable. at C:\\Users\\user\\Documents\\amarImsfinal\\vendor\\laravel\\framework\\src\\Illuminate\\Foundation\\PackageManifest.php:178)
[stacktrace]
#0 C:\\Users\\user\\Documents\\amarImsfinal\\vendor\\laravel\\framework\\src\\Illuminate\\Foundation\\PackageManifest.php(131): Illuminate\\Foundation\\PackageManifest->write(Array)
#1 C:\\Users\\user\\Documents\\amarImsfinal\\vendor\\laravel\\framework\\src\\Illuminate\\Foundation\\PackageManifest.php(107): Illuminate\\Foundation\\PackageManifest->build()
#2 C:\\Users\\user\\Documents\\amarImsfinal\\vendor\\laravel\\framework\\src\\Illuminate\\Foundation\\PackageManifest.php(90): Illuminate\\Foundation\\PackageManifest->getManifest()
#3 C:\\Users\\user\\Documents\\amarImsfinal\\vendor\\laravel\\framework\\src\\Illuminate\\Foundation\\PackageManifest.php(79): Illuminate\\Foundation\\PackageManifest->config('aliases')
#4 C:\\Users\\user\\Documents\\amarImsfinal\\vendor\\laravel\\framework\\src\\Illuminate\\Foundation\\Bootstrap\\RegisterFacades.php(26): Illuminate\\Foundation\\PackageManifest->aliases()
#5 C:\\Users\\user\\Documents\\amarImsfinal\\vendor\\laravel\\framework\\src\\Illuminate\\Foundation\\Application.php(265): Illuminate\\Foundation\\Bootstrap\\RegisterFacades->bootstrap(Object(Illuminate\\Foundation\\Application))
#6 C:\\Users\\user\\Documents\\amarImsfinal\\vendor\\laravel\\framework\\src\\Illuminate\\Foundation\\Console\\Kernel.php(383): Illuminate\\Foundation\\Application->bootstrapWith(Array)
#7 C:\\Users\\user\\Documents\\amarImsfinal\\vendor\\laravel\\framework\\src\\Illuminate\\Foundation\\Console\\Kernel.php(153): Illuminate\\Foundation\\Console\\Kernel->bootstrap()
#8 Command line code(1): Illuminate\\Foundation\\Console\\Kernel->handle(Object(Symfony\\Component\\Console\\Input\\ArgvInput), Object(Symfony\\Component\\Console\\Output\\ConsoleOutput))
#9 {main}
"} 
[2026-06-15 13:51:08] local.ERROR: The C:\Users\user\Documents\amarImsfinal\bootstrap\cache directory must be present and writable. {"exception":"[object] (Exception(code: 0): The C:\\Users\\user\\Documents\\amarImsfinal\\bootstrap\\cache directory must be present and writable. at C:\\Users\\user\\Documents\\amarImsfinal\\vendor\\laravel\\framework\\src\\Illuminate\\Foundation\\PackageManifest.php:178)
[stacktrace]
#0 C:\\Users\\user\\Documents\\amarImsfinal\\vendor\\laravel\\framework\\src\\Illuminate\\Foundation\\PackageManifest.php(131): Illuminate\\Foundation\\PackageManifest->write(Array)
#1 C:\\Users\\user\\Documents\\amarImsfinal\\vendor\\laravel\\framework\\src\\Illuminate\\Foundation\\PackageManifest.php(107): Illuminate\\Foundation\\PackageManifest->build()
#2 C:\\Users\\user\\Documents\\amarImsfinal\\vendor\\laravel\\framework\\src\\Illuminate\\Foundation\\PackageManifest.php(90): Illuminate\\Foundation\\PackageManifest->getManifest()
#3 C:\\Users\\user\\Documents\\amarImsfinal\\vendor\\laravel\\framework\\src\\Illuminate\\Foundation\\PackageManifest.php(79): Illuminate\\Foundation\\PackageManifest->config('aliases')
#4 C:\\Users\\user\\Documents\\amarImsfinal\\vendor\\laravel\\framework\\src\\Illuminate\\Foundation\\Bootstrap\\RegisterFacades.php(26): Illuminate\\Foundation\\PackageManifest->aliases()
#5 C:\\Users\\user\\Documents\\amarImsfinal\\vendor\\laravel\\framework\\src\\Illuminate\\Foundation\\Application.php(265): Illuminate\\Foundation\\Bootstrap\\RegisterFacades->bootstrap(Object(Illuminate\\Foundation\\Application))
#6 C:\\Users\\user\\Documents\\amarImsfinal\\vendor\\laravel\\framework\\src\\Illuminate\\Foundation\\Console\\Kernel.php(383): Illuminate\\Foundation\\Application->bootstrapWith(Array)
#7 C:\\Users\\user\\Documents\\amarImsfinal\\vendor\\laravel\\framework\\src\\Illuminate\\Foundation\\Console\\Kernel.php(153): Illuminate\\Foundation\\Console\\Kernel->bootstrap()
#8 Command line code(1): Illuminate\\Foundation\\Console\\Kernel->handle(Object(Symfony\\Component\\Console\\Input\\ArgvInput), Object(Symfony\\Component\\Console\\Output\\ConsoleOutput))
#9 {main}
"} 
[2026-06-15 13:52:08] local.ERROR: The C:\Users\user\Documents\amarImsfinal\bootstrap\cache directory must be present and writable. {"exception":"[object] (Exception(code: 0): The C:\\Users\\user\\Documents\\amarImsfinal\\bootstrap\\cache directory must be present and writable. at C:\\Users\\user\\Documents\\amarImsfinal\\vendor\\laravel\\framework\\src\\Illuminate\\Foundation\\PackageManifest.php:178)
[stacktrace]
#0 C:\\Users\\user\\Documents\\amarImsfinal\\vendor\\laravel\\framework\\src\\Illuminate\\Foundation\\PackageManifest.php(131): Illuminate\\Foundation\\PackageManifest->write(Array)
#1 C:\\Users\\user\\Documents\\amarImsfinal\\vendor\\laravel\\framework\\src\\Illuminate\\Foundation\\PackageManifest.php(107): Illuminate\\Foundation\\PackageManifest->build()
#2 C:\\Users\\user\\Documents\\amarImsfinal\\vendor\\laravel\\framework\\src\\Illuminate\\Foundation\\PackageManifest.php(90): Illuminate\\Foundation\\PackageManifest->getManifest()
#3 C:\\Users\\user\\Documents\\amarImsfinal\\vendor\\laravel\\framework\\src\\Illuminate\\Foundation\\PackageManifest.php(79): Illuminate\\Foundation\\PackageManifest->config('aliases')
#4 C:\\Users\\user\\Documents\\amarImsfinal\\vendor\\laravel\\framework\\src\\Illuminate\\Foundation\\Bootstrap\\RegisterFacades.php(26): Illuminate\\Foundation\\PackageManifest->aliases()
#5 C:\\Users\\user\\Documents\\amarImsfinal\\vendor\\laravel\\framework\\src\\Illuminate\\Foundation\\Application.php(265): Illuminate\\Foundation\\Bootstrap\\RegisterFacades->bootstrap(Object(Illuminate\\Foundation\\Application))
#6 C:\\Users\\user\\Documents\\amarImsfinal\\vendor\\laravel\\framework\\src\\Illuminate\\Foundation\\Console\\Kernel.php(383): Illuminate\\Foundation\\Application->bootstrapWith(Array)
#7 C:\\Users\\user\\Documents\\amarImsfinal\\vendor\\laravel\\framework\\src\\Illuminate\\Foundation\\Console\\Kernel.php(153): Illuminate\\Foundation\\Console\\Kernel->bootstrap()
#8 Command line code(1): Illuminate\\Foundation\\Console\\Kernel->handle(Object(Symfony\\Component\\Console\\Input\\ArgvInput), Object(Symfony\\Component\\Console\\Output\\ConsoleOutput))
#9 {main}
"} 
[2026-06-15 13:52:08] local.ERROR: The C:\Users\user\Documents\amarImsfinal\bootstrap\cache directory must be present and writable. {"exception":"[object] (Exception(code: 0): The C:\\Users\\user\\Documents\\amarImsfinal\\bootstrap\\cache directory must be present and writable. at C:\\Users\\user\\Documents\\amarImsfinal\\vendor\\laravel\\framework\\src\\Illuminate\\Foundation\\PackageManifest.php:178)
[stacktrace]
#0 C:\\Users\\user\\Documents\\amarImsfinal\\vendor\\laravel\\framework\\src\\Illuminate\\Foundation\\PackageManifest.php(131): Illuminate\\Foundation\\PackageManifest->write(Array)
#1 C:\\Users\\user\\Documents\\amarImsfinal\\vendor\\laravel\\framework\\src\\Illuminate\\Foundation\\PackageManifest.php(107): Illuminate\\Foundation\\PackageManifest->build()
#2 C:\\Users\\user\\Documents\\amarImsfinal\\vendor\\laravel\\framework\\src\\Illuminate\\Foundation\\PackageManifest.php(90): Illuminate\\Foundation\\PackageManifest->getManifest()
#3 C:\\Users\\user\\Documents\\amarImsfinal\\vendor\\laravel\\framework\\src\\Illuminate\\Foundation\\PackageManifest.php(79): Illuminate\\Foundation\\PackageManifest->config('aliases')
#4 C:\\Users\\user\\Documents\\amarImsfinal\\vendor\\laravel\\framework\\src\\Illuminate\\Foundation\\Bootstrap\\RegisterFacades.php(26): Illuminate\\Foundation\\PackageManifest->aliases()
#5 C:\\Users\\user\\Documents\\amarImsfinal\\vendor\\laravel\\framework\\src\\Illuminate\\Foundation\\Application.php(265): Illuminate\\Foundation\\Bootstrap\\RegisterFacades->bootstrap(Object(Illuminate\\Foundation\\Application))
#6 C:\\Users\\user\\Documents\\amarImsfinal\\vendor\\laravel\\framework\\src\\Illuminate\\Foundation\\Console\\Kernel.php(383): Illuminate\\Foundation\\Application->bootstrapWith(Array)
#7 C:\\Users\\user\\Documents\\amarImsfinal\\vendor\\laravel\\framework\\src\\Illuminate\\Foundation\\Console\\Kernel.php(153): Illuminate\\Foundation\\Console\\Kernel->bootstrap()
#8 Command line code(1): Illuminate\\Foundation\\Console\\Kernel->handle(Object(Symfony\\Component\\Console\\Input\\ArgvInput), Object(Symfony\\Component\\Console\\Output\\ConsoleOutput))
#9 {main}
"} 
[2026-06-15 13:53:08] local.ERROR: The C:\Users\user\Documents\amarImsfinal\bootstrap\cache directory must be present and writable. {"exception":"[object] (Exception(code: 0): The C:\\Users\\user\\Documents\\amarImsfinal\\bootstrap\\cache directory must be present and writable. at C:\\Users\\user\\Documents\\amarImsfinal\\vendor\\laravel\\framework\\src\\Illuminate\\Foundation\\PackageManifest.php:178)
[stacktrace]
#0 C:\\Users\\user\\Documents\\amarImsfinal\\vendor\\laravel\\framework\\src\\Illuminate\\Foundation\\PackageManifest.php(131): Illuminate\\Foundation\\PackageManifest->write(Array)
#1 C:\\Users\\user\\Documents\\amarImsfinal\\vendor\\laravel\\framework\\src\\Illuminate\\Foundation\\PackageManifest.php(107): Illuminate\\Foundation\\PackageManifest->build()
#2 C:\\Users\\user\\Documents\\amarImsfinal\\vendor\\laravel\\framework\\src\\Illuminate\\Foundation\\PackageManifest.php(90): Illuminate\\Foundation\\PackageManifest->getManifest()
#3 C:\\Users\\user\\Documents\\amarImsfinal\\vendor\\laravel\\framework\\src\\Illuminate\\Foundation\\PackageManifest.php(79): Illuminate\\Foundation\\PackageManifest->config('aliases')
#4 C:\\Users\\user\\Documents\\amarImsfinal\\vendor\\laravel\\framework\\src\\Illuminate\\Foundation\\Bootstrap\\RegisterFacades.php(26): Illuminate\\Foundation\\PackageManifest->aliases()
#5 C:\\Users\\user\\Documents\\amarImsfinal\\vendor\\laravel\\framework\\src\\Illuminate\\Foundation\\Application.php(265): Illuminate\\Foundation\\Bootstrap\\RegisterFacades->bootstrap(Object(Illuminate\\Foundation\\Application))
#6 C:\\Users\\user\\Documents\\amarImsfinal\\vendor\\laravel\\framework\\src\\Illuminate\\Foundation\\Console\\Kernel.php(383): Illuminate\\Foundation\\Application->bootstrapWith(Array)
#7 C:\\Users\\user\\Documents\\amarImsfinal\\vendor\\laravel\\framework\\src\\Illuminate\\Foundation\\Console\\Kernel.php(153): Illuminate\\Foundation\\Console\\Kernel->bootstrap()
#8 Command line code(1): Illuminate\\Foundation\\Console\\Kernel->handle(Object(Symfony\\Component\\Console\\Input\\ArgvInput), Object(Symfony\\Component\\Console\\Output\\ConsoleOutput))
#9 {main}
"} 
[2026-06-15 13:53:08] local.ERROR: The C:\Users\user\Documents\amarImsfinal\bootstrap\cache directory must be present and writable. {"exception":"[object] (Exception(code: 0): The C:\\Users\\user\\Documents\\amarImsfinal\\bootstrap\\cache directory must be present and writable. at C:\\Users\\user\\Documents\\amarImsfinal\\vendor\\laravel\\framework\\src\\Illuminate\\Foundation\\PackageManifest.php:178)
[stacktrace]
#0 C:\\Users\\user\\Documents\\amarImsfinal\\vendor\\laravel\\framework\\src\\Illuminate\\Foundation\\PackageManifest.php(131): Illuminate\\Foundation\\PackageManifest->write(Array)
#1 C:\\Users\\user\\Documents\\amarImsfinal\\vendor\\laravel\\framework\\src\\Illuminate\\Foundation\\PackageManifest.php(107): Illuminate\\Foundation\\PackageManifest->build()
#2 C:\\Users\\user\\Documents\\amarImsfinal\\vendor\\laravel\\framework\\src\\Illuminate\\Foundation\\PackageManifest.php(90): Illuminate\\Foundation\\PackageManifest->getManifest()
#3 C:\\Users\\user\\Documents\\amarImsfinal\\vendor\\laravel\\framework\\src\\Illuminate\\Foundation\\PackageManifest.php(79): Illuminate\\Foundation\\PackageManifest->config('aliases')
#4 C:\\Users\\user\\Documents\\amarImsfinal\\vendor\\laravel\\framework\\src\\Illuminate\\Foundation\\Bootstrap\\RegisterFacades.php(26): Illuminate\\Foundation\\PackageManifest->aliases()
#5 C:\\Users\\user\\Documents\\amarImsfinal\\vendor\\laravel\\framework\\src\\Illuminate\\Foundation\\Application.php(265): Illuminate\\Foundation\\Bootstrap\\RegisterFacades->bootstrap(Object(Illuminate\\Foundation\\Application))
#6 C:\\Users\\user\\Documents\\amarImsfinal\\vendor\\laravel\\framework\\src\\Illuminate\\Foundation\\Console\\Kernel.php(383): Illuminate\\Foundation\\Application->bootstrapWith(Array)
#7 C:\\Users\\user\\Documents\\amarImsfinal\\vendor\\laravel\\framework\\src\\Illuminate\\Foundation\\Console\\Kernel.php(153): Illuminate\\Foundation\\Console\\Kernel->bootstrap()
#8 Command line code(1): Illuminate\\Foundation\\Console\\Kernel->handle(Object(Symfony\\Component\\Console\\Input\\ArgvInput), Object(Symfony\\Component\\Console\\Output\\ConsoleOutput))
#9 {main}
"} 
[2026-06-15 13:54:08] local.ERROR: The C:\Users\user\Documents\amarImsfinal\bootstrap\cache directory must be present and writable. {"exception":"[object] (Exception(code: 0): The C:\\Users\\user\\Documents\\amarImsfinal\\bootstrap\\cache directory must be present and writable. at C:\\Users\\user\\Documents\\amarImsfinal\\vendor\\laravel\\framework\\src\\Illuminate\\Foundation\\PackageManifest.php:178)
[stacktrace]
#0 C:\\Users\\user\\Documents\\amarImsfinal\\vendor\\laravel\\framework\\src\\Illuminate\\Foundation\\PackageManifest.php(131): Illuminate\\Foundation\\PackageManifest->write(Array)
#1 C:\\Users\\user\\Documents\\amarImsfinal\\vendor\\laravel\\framework\\src\\Illuminate\\Foundation\\PackageManifest.php(107): Illuminate\\Foundation\\PackageManifest->build()
#2 C:\\Users\\user\\Documents\\amarImsfinal\\vendor\\laravel\\framework\\src\\Illuminate\\Foundation\\PackageManifest.php(90): Illuminate\\Foundation\\PackageManifest->getManifest()
#3 C:\\Users\\user\\Documents\\amarImsfinal\\vendor\\laravel\\framework\\src\\Illuminate\\Foundation\\PackageManifest.php(79): Illuminate\\Foundation\\PackageManifest->config('aliases')
#4 C:\\Users\\user\\Documents\\amarImsfinal\\vendor\\laravel\\framework\\src\\Illuminate\\Foundation\\Bootstrap\\RegisterFacades.php(26): Illuminate\\Foundation\\PackageManifest->aliases()
#5 C:\\Users\\user\\Documents\\amarImsfinal\\vendor\\laravel\\framework\\src\\Illuminate\\Foundation\\Application.php(265): Illuminate\\Foundation\\Bootstrap\\RegisterFacades->bootstrap(Object(Illuminate\\Foundation\\Application))
#6 C:\\Users\\user\\Documents\\amarImsfinal\\vendor\\laravel\\framework\\src\\Illuminate\\Foundation\\Console\\Kernel.php(383): Illuminate\\Foundation\\Application->bootstrapWith(Array)
#7 C:\\Users\\user\\Documents\\amarImsfinal\\vendor\\laravel\\framework\\src\\Illuminate\\Foundation\\Console\\Kernel.php(153): Illuminate\\Foundation\\Console\\Kernel->bootstrap()
#8 Command line code(1): Illuminate\\Foundation\\Console\\Kernel->handle(Object(Symfony\\Component\\Console\\Input\\ArgvInput), Object(Symfony\\Component\\Console\\Output\\ConsoleOutput))
#9 {main}
"} 
[2026-06-15 13:54:08] local.ERROR: The C:\Users\user\Documents\amarImsfinal\bootstrap\cache directory must be present and writable. {"exception":"[object] (Exception(code: 0): The C:\\Users\\user\\Documents\\amarImsfinal\\bootstrap\\cache directory must be present and writable. at C:\\Users\\user\\Documents\\amarImsfinal\\vendor\\laravel\\framework\\src\\Illuminate\\Foundation\\PackageManifest.php:178)
[stacktrace]
#0 C:\\Users\\user\\Documents\\amarImsfinal\\vendor\\laravel\\framework\\src\\Illuminate\\Foundation\\PackageManifest.php(131): Illuminate\\Foundation\\PackageManifest->write(Array)
#1 C:\\Users\\user\\Documents\\amarImsfinal\\vendor\\laravel\\framework\\src\\Illuminate\\Foundation\\PackageManifest.php(107): Illuminate\\Foundation\\PackageManifest->build()
#2 C:\\Users\\user\\Documents\\amarImsfinal\\vendor\\laravel\\framework\\src\\Illuminate\\Foundation\\PackageManifest.php(90): Illuminate\\Foundation\\PackageManifest->getManifest()
#3 C:\\Users\\user\\Documents\\amarImsfinal\\vendor\\laravel\\framework\\src\\Illuminate\\Foundation\\PackageManifest.php(79): Illuminate\\Foundation\\PackageManifest->config('aliases')
#4 C:\\Users\\user\\Documents\\amarImsfinal\\vendor\\laravel\\framework\\src\\Illuminate\\Foundation\\Bootstrap\\RegisterFacades.php(26): Illuminate\\Foundation\\PackageManifest->aliases()
#5 C:\\Users\\user\\Documents\\amarImsfinal\\vendor\\laravel\\framework\\src\\Illuminate\\Foundation\\Application.php(265): Illuminate\\Foundation\\Bootstrap\\RegisterFacades->bootstrap(Object(Illuminate\\Foundation\\Application))
#6 C:\\Users\\user\\Documents\\amarImsfinal\\vendor\\laravel\\framework\\src\\Illuminate\\Foundation\\Console\\Kernel.php(383): Illuminate\\Foundation\\Application->bootstrapWith(Array)
#7 C:\\Users\\user\\Documents\\amarImsfinal\\vendor\\laravel\\framework\\src\\Illuminate\\Foundation\\Console\\Kernel.php(153): Illuminate\\Foundation\\Console\\Kernel->bootstrap()
#8 Command line code(1): Illuminate\\Foundation\\Console\\Kernel->handle(Object(Symfony\\Component\\Console\\Input\\ArgvInput), Object(Symfony\\Component\\Console\\Output\\ConsoleOutput))
#9 {main}
"} 
[2026-06-15 13:54:42] local.ERROR: tempnam(): file created in the system's temporary directory {"exception":"[object] (ErrorException(code: 0): tempnam(): file created in the system's temporary directory at C:\\Users\\user\\Documents\\amarImsfinal\\vendor\\laravel\\framework\\src\\Illuminate\\Filesystem\\Filesystem.php:208)
[stacktrace]
#0 C:\\Users\\user\\Documents\\amarImsfinal\\vendor\\laravel\\framework\\src\\Illuminate\\Foundation\\Bootstrap\\HandleExceptions.php(272): Illuminate\\Foundation\\Bootstrap\\HandleExceptions->handleError(8, 'tempnam(): file...', 'C:\\\\Users\\\\user\\\\D...', 208)
#1 [internal function]: Illuminate\\Foundation\\Bootstrap\\HandleExceptions->Illuminate\\Foundation\\Bootstrap\\{closure}(8, 'tempnam(): file...', 'C:\\\\Users\\\\user\\\\D...', 208)
#2 C:\\Users\\user\\Documents\\amarImsfinal\\vendor\\laravel\\framework\\src\\Illuminate\\Filesystem\\Filesystem.php(208): tempnam('C:\\\\Users\\\\user\\\\D...', 'packages.php')
#3 C:\\Users\\user\\Documents\\amarImsfinal\\vendor\\laravel\\framework\\src\\Illuminate\\Foundation\\PackageManifest.php(181): Illuminate\\Filesystem\\Filesystem->replace('C:\\\\Users\\\\user\\\\D...', '<?php return ar...')
#4 C:\\Users\\user\\Documents\\amarImsfinal\\vendor\\laravel\\framework\\src\\Illuminate\\Foundation\\PackageManifest.php(131): Illuminate\\Foundation\\PackageManifest->write(Array)
#5 C:\\Users\\user\\Documents\\amarImsfinal\\vendor\\laravel\\framework\\src\\Illuminate\\Foundation\\PackageManifest.php(107): Illuminate\\Foundation\\PackageManifest->build()
#6 C:\\Users\\user\\Documents\\amarImsfinal\\vendor\\laravel\\framework\\src\\Illuminate\\Foundation\\PackageManifest.php(90): Illuminate\\Foundation\\PackageManifest->getManifest()
#7 C:\\Users\\user\\Documents\\amarImsfinal\\vendor\\laravel\\framework\\src\\Illuminate\\Foundation\\PackageManifest.php(79): Illuminate\\Foundation\\PackageManifest->config('aliases')
#8 C:\\Users\\user\\Documents\\amarImsfinal\\vendor\\laravel\\framework\\src\\Illuminate\\Foundation\\Bootstrap\\RegisterFacades.php(26): Illuminate\\Foundation\\PackageManifest->aliases()
#9 C:\\Users\\user\\Documents\\amarImsfinal\\vendor\\laravel\\framework\\src\\Illuminate\\Foundation\\Application.php(265): Illuminate\\Foundation\\Bootstrap\\RegisterFacades->bootstrap(Object(Illuminate\\Foundation\\Application))
#10 C:\\Users\\user\\Documents\\amarImsfinal\\vendor\\laravel\\framework\\src\\Illuminate\\Foundation\\Console\\Kernel.php(383): Illuminate\\Foundation\\Application->bootstrapWith(Array)
#11 C:\\Users\\user\\Documents\\amarImsfinal\\vendor\\laravel\\framework\\src\\Illuminate\\Foundation\\Console\\Kernel.php(153): Illuminate\\Foundation\\Console\\Kernel->bootstrap()
#12 C:\\Users\\user\\Documents\\amarImsfinal\\artisan(35): Illuminate\\Foundation\\Console\\Kernel->handle(Object(Symfony\\Component\\Console\\Input\\ArgvInput), Object(Symfony\\Component\\Console\\Output\\ConsoleOutput))
#13 {main}
"} 
[2026-06-15 13:55:01] local.ERROR: tempnam(): file created in the system's temporary directory {"exception":"[object] (ErrorException(code: 0): tempnam(): file created in the system's temporary directory at C:\\Users\\user\\Documents\\amarImsfinal\\vendor\\laravel\\framework\\src\\Illuminate\\Filesystem\\Filesystem.php:208)
[stacktrace]
#0 C:\\Users\\user\\Documents\\amarImsfinal\\vendor\\laravel\\framework\\src\\Illuminate\\Foundation\\Bootstrap\\HandleExceptions.php(272): Illuminate\\Foundation\\Bootstrap\\HandleExceptions->handleError(8, 'tempnam(): file...', 'C:\\\\Users\\\\user\\\\D...', 208)
#1 [internal function]: Illuminate\\Foundation\\Bootstrap\\HandleExceptions->Illuminate\\Foundation\\Bootstrap\\{closure}(8, 'tempnam(): file...', 'C:\\\\Users\\\\user\\\\D...', 208)
#2 C:\\Users\\user\\Documents\\amarImsfinal\\vendor\\laravel\\framework\\src\\Illuminate\\Filesystem\\Filesystem.php(208): tempnam('C:\\\\Users\\\\user\\\\D...', 'packages.php')
#3 C:\\Users\\user\\Documents\\amarImsfinal\\vendor\\laravel\\framework\\src\\Illuminate\\Foundation\\PackageManifest.php(181): Illuminate\\Filesystem\\Filesystem->replace('C:\\\\Users\\\\user\\\\D...', '<?php return ar...')
#4 C:\\Users\\user\\Documents\\amarImsfinal\\vendor\\laravel\\framework\\src\\Illuminate\\Foundation\\PackageManifest.php(131): Illuminate\\Foundation\\PackageManifest->write(Array)
#5 C:\\Users\\user\\Documents\\amarImsfinal\\vendor\\laravel\\framework\\src\\Illuminate\\Foundation\\PackageManifest.php(107): Illuminate\\Foundation\\PackageManifest->build()
#6 C:\\Users\\user\\Documents\\amarImsfinal\\vendor\\laravel\\framework\\src\\Illuminate\\Foundation\\PackageManifest.php(90): Illuminate\\Foundation\\PackageManifest->getManifest()
#7 C:\\Users\\user\\Documents\\amarImsfinal\\vendor\\laravel\\framework\\src\\Illuminate\\Foundation\\PackageManifest.php(79): Illuminate\\Foundation\\PackageManifest->config('aliases')
#8 C:\\Users\\user\\Documents\\amarImsfinal\\vendor\\laravel\\framework\\src\\Illuminate\\Foundation\\Bootstrap\\RegisterFacades.php(26): Illuminate\\Foundation\\PackageManifest->aliases()
#9 C:\\Users\\user\\Documents\\amarImsfinal\\vendor\\laravel\\framework\\src\\Illuminate\\Foundation\\Application.php(265): Illuminate\\Foundation\\Bootstrap\\RegisterFacades->bootstrap(Object(Illuminate\\Foundation\\Application))
#10 C:\\Users\\user\\Documents\\amarImsfinal\\vendor\\laravel\\framework\\src\\Illuminate\\Foundation\\Console\\Kernel.php(383): Illuminate\\Foundation\\Application->bootstrapWith(Array)
#11 C:\\Users\\user\\Documents\\amarImsfinal\\vendor\\laravel\\framework\\src\\Illuminate\\Foundation\\Console\\Kernel.php(153): Illuminate\\Foundation\\Console\\Kernel->bootstrap()
#12 C:\\Users\\user\\Documents\\amarImsfinal\\artisan(35): Illuminate\\Foundation\\Console\\Kernel->handle(Object(Symfony\\Component\\Console\\Input\\ArgvInput), Object(Symfony\\Component\\Console\\Output\\ConsoleOutput))
#13 {main}
"} 
[2026-06-15 13:55:08] local.ERROR: tempnam(): file created in the system's temporary directory {"exception":"[object] (ErrorException(code: 0): tempnam(): file created in the system's temporary directory at C:\\Users\\user\\Documents\\amarImsfinal\\vendor\\laravel\\framework\\src\\Illuminate\\Filesystem\\Filesystem.php:208)
[stacktrace]
#0 C:\\Users\\user\\Documents\\amarImsfinal\\vendor\\laravel\\framework\\src\\Illuminate\\Foundation\\Bootstrap\\HandleExceptions.php(272): Illuminate\\Foundation\\Bootstrap\\HandleExceptions->handleError(8, 'tempnam(): file...', 'C:\\\\Users\\\\user\\\\D...', 208)
#1 [internal function]: Illuminate\\Foundation\\Bootstrap\\HandleExceptions->Illuminate\\Foundation\\Bootstrap\\{closure}(8, 'tempnam(): file...', 'C:\\\\Users\\\\user\\\\D...', 208)
#2 C:\\Users\\user\\Documents\\amarImsfinal\\vendor\\laravel\\framework\\src\\Illuminate\\Filesystem\\Filesystem.php(208): tempnam('C:\\\\Users\\\\user\\\\D...', 'packages.php')
#3 C:\\Users\\user\\Documents\\amarImsfinal\\vendor\\laravel\\framework\\src\\Illuminate\\Foundation\\PackageManifest.php(181): Illuminate\\Filesystem\\Filesystem->replace('C:\\\\Users\\\\user\\\\D...', '<?php return ar...')
#4 C:\\Users\\user\\Documents\\amarImsfinal\\vendor\\laravel\\framework\\src\\Illuminate\\Foundation\\PackageManifest.php(131): Illuminate\\Foundation\\PackageManifest->write(Array)
#5 C:\\Users\\user\\Documents\\amarImsfinal\\vendor\\laravel\\framework\\src\\Illuminate\\Foundation\\PackageManifest.php(107): Illuminate\\Foundation\\PackageManifest->build()
#6 C:\\Users\\user\\Documents\\amarImsfinal\\vendor\\laravel\\framework\\src\\Illuminate\\Foundation\\PackageManifest.php(90): Illuminate\\Foundation\\PackageManifest->getManifest()
#7 C:\\Users\\user\\Documents\\amarImsfinal\\vendor\\laravel\\framework\\src\\Illuminate\\Foundation\\PackageManifest.php(79): Illuminate\\Foundation\\PackageManifest->config('aliases')
#8 C:\\Users\\user\\Documents\\amarImsfinal\\vendor\\laravel\\framework\\src\\Illuminate\\Foundation\\Bootstrap\\RegisterFacades.php(26): Illuminate\\Foundation\\PackageManifest->aliases()
#9 C:\\Users\\user\\Documents\\amarImsfinal\\vendor\\laravel\\framework\\src\\Illuminate\\Foundation\\Application.php(265): Illuminate\\Foundation\\Bootstrap\\RegisterFacades->bootstrap(Object(Illuminate\\Foundation\\Application))
#10 C:\\Users\\user\\Documents\\amarImsfinal\\vendor\\laravel\\framework\\src\\Illuminate\\Foundation\\Console\\Kernel.php(383): Illuminate\\Foundation\\Application->bootstrapWith(Array)
#11 C:\\Users\\user\\Documents\\amarImsfinal\\vendor\\laravel\\framework\\src\\Illuminate\\Foundation\\Console\\Kernel.php(153): Illuminate\\Foundation\\Console\\Kernel->bootstrap()
#12 Command line code(1): Illuminate\\Foundation\\Console\\Kernel->handle(Object(Symfony\\Component\\Console\\Input\\ArgvInput), Object(Symfony\\Component\\Console\\Output\\ConsoleOutput))
#13 {main}
"} 
[2026-06-15 13:55:08] local.ERROR: tempnam(): file created in the system's temporary directory {"exception":"[object] (ErrorException(code: 0): tempnam(): file created in the system's temporary directory at C:\\Users\\user\\Documents\\amarImsfinal\\vendor\\laravel\\framework\\src\\Illuminate\\Filesystem\\Filesystem.php:208)
[stacktrace]
#0 C:\\Users\\user\\Documents\\amarImsfinal\\vendor\\laravel\\framework\\src\\Illuminate\\Foundation\\Bootstrap\\HandleExceptions.php(272): Illuminate\\Foundation\\Bootstrap\\HandleExceptions->handleError(8, 'tempnam(): file...', 'C:\\\\Users\\\\user\\\\D...', 208)
#1 [internal function]: Illuminate\\Foundation\\Bootstrap\\HandleExceptions->Illuminate\\Foundation\\Bootstrap\\{closure}(8, 'tempnam(): file...', 'C:\\\\Users\\\\user\\\\D...', 208)
#2 C:\\Users\\user\\Documents\\amarImsfinal\\vendor\\laravel\\framework\\src\\Illuminate\\Filesystem\\Filesystem.php(208): tempnam('C:\\\\Users\\\\user\\\\D...', 'packages.php')
#3 C:\\Users\\user\\Documents\\amarImsfinal\\vendor\\laravel\\framework\\src\\Illuminate\\Foundation\\PackageManifest.php(181): Illuminate\\Filesystem\\Filesystem->replace('C:\\\\Users\\\\user\\\\D...', '<?php return ar...')
#4 C:\\Users\\user\\Documents\\amarImsfinal\\vendor\\laravel\\framework\\src\\Illuminate\\Foundation\\PackageManifest.php(131): Illuminate\\Foundation\\PackageManifest->write(Array)
#5 C:\\Users\\user\\Documents\\amarImsfinal\\vendor\\laravel\\framework\\src\\Illuminate\\Foundation\\PackageManifest.php(107): Illuminate\\Foundation\\PackageManifest->build()
#6 C:\\Users\\user\\Documents\\amarImsfinal\\vendor\\laravel\\framework\\src\\Illuminate\\Foundation\\PackageManifest.php(90): Illuminate\\Foundation\\PackageManifest->getManifest()
#7 C:\\Users\\user\\Documents\\amarImsfinal\\vendor\\laravel\\framework\\src\\Illuminate\\Foundation\\PackageManifest.php(79): Illuminate\\Foundation\\PackageManifest->config('aliases')
#8 C:\\Users\\user\\Documents\\amarImsfinal\\vendor\\laravel\\framework\\src\\Illuminate\\Foundation\\Bootstrap\\RegisterFacades.php(26): Illuminate\\Foundation\\PackageManifest->aliases()
#9 C:\\Users\\user\\Documents\\amarImsfinal\\vendor\\laravel\\framework\\src\\Illuminate\\Foundation\\Application.php(265): Illuminate\\Foundation\\Bootstrap\\RegisterFacades->bootstrap(Object(Illuminate\\Foundation\\Application))
#10 C:\\Users\\user\\Documents\\amarImsfinal\\vendor\\laravel\\framework\\src\\Illuminate\\Foundation\\Console\\Kernel.php(383): Illuminate\\Foundation\\Application->bootstrapWith(Array)
#11 C:\\Users\\user\\Documents\\amarImsfinal\\vendor\\laravel\\framework\\src\\Illuminate\\Foundation\\Console\\Kernel.php(153): Illuminate\\Foundation\\Console\\Kernel->bootstrap()
#12 Command line code(1): Illuminate\\Foundation\\Console\\Kernel->handle(Object(Symfony\\Component\\Console\\Input\\ArgvInput), Object(Symfony\\Component\\Console\\Output\\ConsoleOutput))
#13 {main}
"} 
[2026-06-15 13:56:08] local.ERROR: tempnam(): file created in the system's temporary directory {"exception":"[object] (ErrorException(code: 0): tempnam(): file created in the system's temporary directory at C:\\Users\\user\\Documents\\amarImsfinal\\vendor\\laravel\\framework\\src\\Illuminate\\Filesystem\\Filesystem.php:208)
[stacktrace]
#0 C:\\Users\\user\\Documents\\amarImsfinal\\vendor\\laravel\\framework\\src\\Illuminate\\Foundation\\Bootstrap\\HandleExceptions.php(272): Illuminate\\Foundation\\Bootstrap\\HandleExceptions->handleError(8, 'tempnam(): file...', 'C:\\\\Users\\\\user\\\\D...', 208)
#1 [internal function]: Illuminate\\Foundation\\Bootstrap\\HandleExceptions->Illuminate\\Foundation\\Bootstrap\\{closure}(8, 'tempnam(): file...', 'C:\\\\Users\\\\user\\\\D...', 208)
#2 C:\\Users\\user\\Documents\\amarImsfinal\\vendor\\laravel\\framework\\src\\Illuminate\\Filesystem\\Filesystem.php(208): tempnam('C:\\\\Users\\\\user\\\\D...', 'packages.php')
#3 C:\\Users\\user\\Documents\\amarImsfinal\\vendor\\laravel\\framework\\src\\Illuminate\\Foundation\\PackageManifest.php(181): Illuminate\\Filesystem\\Filesystem->replace('C:\\\\Users\\\\user\\\\D...', '<?php return ar...')
#4 C:\\Users\\user\\Documents\\amarImsfinal\\vendor\\laravel\\framework\\src\\Illuminate\\Foundation\\PackageManifest.php(131): Illuminate\\Foundation\\PackageManifest->write(Array)
#5 C:\\Users\\user\\Documents\\amarImsfinal\\vendor\\laravel\\framework\\src\\Illuminate\\Foundation\\PackageManifest.php(107): Illuminate\\Foundation\\PackageManifest->build()
#6 C:\\Users\\user\\Documents\\amarImsfinal\\vendor\\laravel\\framework\\src\\Illuminate\\Foundation\\PackageManifest.php(90): Illuminate\\Foundation\\PackageManifest->getManifest()
#7 C:\\Users\\user\\Documents\\amarImsfinal\\vendor\\laravel\\framework\\src\\Illuminate\\Foundation\\PackageManifest.php(79): Illuminate\\Foundation\\PackageManifest->config('aliases')
#8 C:\\Users\\user\\Documents\\amarImsfinal\\vendor\\laravel\\framework\\src\\Illuminate\\Foundation\\Bootstrap\\RegisterFacades.php(26): Illuminate\\Foundation\\PackageManifest->aliases()
#9 C:\\Users\\user\\Documents\\amarImsfinal\\vendor\\laravel\\framework\\src\\Illuminate\\Foundation\\Application.php(265): Illuminate\\Foundation\\Bootstrap\\RegisterFacades->bootstrap(Object(Illuminate\\Foundation\\Application))
#10 C:\\Users\\user\\Documents\\amarImsfinal\\vendor\\laravel\\framework\\src\\Illuminate\\Foundation\\Console\\Kernel.php(383): Illuminate\\Foundation\\Application->bootstrapWith(Array)
#11 C:\\Users\\user\\Documents\\amarImsfinal\\vendor\\laravel\\framework\\src\\Illuminate\\Foundation\\Console\\Kernel.php(153): Illuminate\\Foundation\\Console\\Kernel->bootstrap()
#12 Command line code(1): Illuminate\\Foundation\\Console\\Kernel->handle(Object(Symfony\\Component\\Console\\Input\\ArgvInput), Object(Symfony\\Component\\Console\\Output\\ConsoleOutput))
#13 {main}
"} 
[2026-06-15 13:56:08] local.ERROR: tempnam(): file created in the system's temporary directory {"exception":"[object] (ErrorException(code: 0): tempnam(): file created in the system's temporary directory at C:\\Users\\user\\Documents\\amarImsfinal\\vendor\\laravel\\framework\\src\\Illuminate\\Filesystem\\Filesystem.php:208)
[stacktrace]
#0 C:\\Users\\user\\Documents\\amarImsfinal\\vendor\\laravel\\framework\\src\\Illuminate\\Foundation\\Bootstrap\\HandleExceptions.php(272): Illuminate\\Foundation\\Bootstrap\\HandleExceptions->handleError(8, 'tempnam(): file...', 'C:\\\\Users\\\\user\\\\D...', 208)
#1 [internal function]: Illuminate\\Foundation\\Bootstrap\\HandleExceptions->Illuminate\\Foundation\\Bootstrap\\{closure}(8, 'tempnam(): file...', 'C:\\\\Users\\\\user\\\\D...', 208)
#2 C:\\Users\\user\\Documents\\amarImsfinal\\vendor\\laravel\\framework\\src\\Illuminate\\Filesystem\\Filesystem.php(208): tempnam('C:\\\\Users\\\\user\\\\D...', 'packages.php')
#3 C:\\Users\\user\\Documents\\amarImsfinal\\vendor\\laravel\\framework\\src\\Illuminate\\Foundation\\PackageManifest.php(181): Illuminate\\Filesystem\\Filesystem->replace('C:\\\\Users\\\\user\\\\D...', '<?php return ar...')
#4 C:\\Users\\user\\Documents\\amarImsfinal\\vendor\\laravel\\framework\\src\\Illuminate\\Foundation\\PackageManifest.php(131): Illuminate\\Foundation\\PackageManifest->write(Array)
#5 C:\\Users\\user\\Documents\\amarImsfinal\\vendor\\laravel\\framework\\src\\Illuminate\\Foundation\\PackageManifest.php(107): Illuminate\\Foundation\\PackageManifest->build()
#6 C:\\Users\\user\\Documents\\amarImsfinal\\vendor\\laravel\\framework\\src\\Illuminate\\Foundation\\PackageManifest.php(90): Illuminate\\Foundation\\PackageManifest->getManifest()
#7 C:\\Users\\user\\Documents\\amarImsfinal\\vendor\\laravel\\framework\\src\\Illuminate\\Foundation\\PackageManifest.php(79): Illuminate\\Foundation\\PackageManifest->config('aliases')
#8 C:\\Users\\user\\Documents\\amarImsfinal\\vendor\\laravel\\framework\\src\\Illuminate\\Foundation\\Bootstrap\\RegisterFacades.php(26): Illuminate\\Foundation\\PackageManifest->aliases()
#9 C:\\Users\\user\\Documents\\amarImsfinal\\vendor\\laravel\\framework\\src\\Illuminate\\Foundation\\Application.php(265): Illuminate\\Foundation\\Bootstrap\\RegisterFacades->bootstrap(Object(Illuminate\\Foundation\\Application))
#10 C:\\Users\\user\\Documents\\amarImsfinal\\vendor\\laravel\\framework\\src\\Illuminate\\Foundation\\Console\\Kernel.php(383): Illuminate\\Foundation\\Application->bootstrapWith(Array)
#11 C:\\Users\\user\\Documents\\amarImsfinal\\vendor\\laravel\\framework\\src\\Illuminate\\Foundation\\Console\\Kernel.php(153): Illuminate\\Foundation\\Console\\Kernel->bootstrap()
#12 Command line code(1): Illuminate\\Foundation\\Console\\Kernel->handle(Object(Symfony\\Component\\Console\\Input\\ArgvInput), Object(Symfony\\Component\\Console\\Output\\ConsoleOutput))
#13 {main}
"} 
[2026-06-15 13:57:08] local.ERROR: tempnam(): file created in the system's temporary directory {"exception":"[object] (ErrorException(code: 0): tempnam(): file created in the system's temporary directory at C:\\Users\\user\\Documents\\amarImsfinal\\vendor\\laravel\\framework\\src\\Illuminate\\Filesystem\\Filesystem.php:208)
[stacktrace]
#0 C:\\Users\\user\\Documents\\amarImsfinal\\vendor\\laravel\\framework\\src\\Illuminate\\Foundation\\Bootstrap\\HandleExceptions.php(272): Illuminate\\Foundation\\Bootstrap\\HandleExceptions->handleError(8, 'tempnam(): file...', 'C:\\\\Users\\\\user\\\\D...', 208)
#1 [internal function]: Illuminate\\Foundation\\Bootstrap\\HandleExceptions->Illuminate\\Foundation\\Bootstrap\\{closure}(8, 'tempnam(): file...', 'C:\\\\Users\\\\user\\\\D...', 208)
#2 C:\\Users\\user\\Documents\\amarImsfinal\\vendor\\laravel\\framework\\src\\Illuminate\\Filesystem\\Filesystem.php(208): tempnam('C:\\\\Users\\\\user\\\\D...', 'packages.php')
#3 C:\\Users\\user\\Documents\\amarImsfinal\\vendor\\laravel\\framework\\src\\Illuminate\\Foundation\\PackageManifest.php(181): Illuminate\\Filesystem\\Filesystem->replace('C:\\\\Users\\\\user\\\\D...', '<?php return ar...')
#4 C:\\Users\\user\\Documents\\amarImsfinal\\vendor\\laravel\\framework\\src\\Illuminate\\Foundation\\PackageManifest.php(131): Illuminate\\Foundation\\PackageManifest->write(Array)
#5 C:\\Users\\user\\Documents\\amarImsfinal\\vendor\\laravel\\framework\\src\\Illuminate\\Foundation\\PackageManifest.php(107): Illuminate\\Foundation\\PackageManifest->build()
#6 C:\\Users\\user\\Documents\\amarImsfinal\\vendor\\laravel\\framework\\src\\Illuminate\\Foundation\\PackageManifest.php(90): Illuminate\\Foundation\\PackageManifest->getManifest()
#7 C:\\Users\\user\\Documents\\amarImsfinal\\vendor\\laravel\\framework\\src\\Illuminate\\Foundation\\PackageManifest.php(79): Illuminate\\Foundation\\PackageManifest->config('aliases')
#8 C:\\Users\\user\\Documents\\amarImsfinal\\vendor\\laravel\\framework\\src\\Illuminate\\Foundation\\Bootstrap\\RegisterFacades.php(26): Illuminate\\Foundation\\PackageManifest->aliases()
#9 C:\\Users\\user\\Documents\\amarImsfinal\\vendor\\laravel\\framework\\src\\Illuminate\\Foundation\\Application.php(265): Illuminate\\Foundation\\Bootstrap\\RegisterFacades->bootstrap(Object(Illuminate\\Foundation\\Application))
#10 C:\\Users\\user\\Documents\\amarImsfinal\\vendor\\laravel\\framework\\src\\Illuminate\\Foundation\\Console\\Kernel.php(383): Illuminate\\Foundation\\Application->bootstrapWith(Array)
#11 C:\\Users\\user\\Documents\\amarImsfinal\\vendor\\laravel\\framework\\src\\Illuminate\\Foundation\\Console\\Kernel.php(153): Illuminate\\Foundation\\Console\\Kernel->bootstrap()
#12 Command line code(1): Illuminate\\Foundation\\Console\\Kernel->handle(Object(Symfony\\Component\\Console\\Input\\ArgvInput), Object(Symfony\\Component\\Console\\Output\\ConsoleOutput))
#13 {main}
"} 
[2026-06-15 13:57:08] local.ERROR: tempnam(): file created in the system's temporary directory {"exception":"[object] (ErrorException(code: 0): tempnam(): file created in the system's temporary directory at C:\\Users\\user\\Documents\\amarImsfinal\\vendor\\laravel\\framework\\src\\Illuminate\\Filesystem\\Filesystem.php:208)
[stacktrace]
#0 C:\\Users\\user\\Documents\\amarImsfinal\\vendor\\laravel\\framework\\src\\Illuminate\\Foundation\\Bootstrap\\HandleExceptions.php(272): Illuminate\\Foundation\\Bootstrap\\HandleExceptions->handleError(8, 'tempnam(): file...', 'C:\\\\Users\\\\user\\\\D...', 208)
#1 [internal function]: Illuminate\\Foundation\\Bootstrap\\HandleExceptions->Illuminate\\Foundation\\Bootstrap\\{closure}(8, 'tempnam(): file...', 'C:\\\\Users\\\\user\\\\D...', 208)
#2 C:\\Users\\user\\Documents\\amarImsfinal\\vendor\\laravel\\framework\\src\\Illuminate\\Filesystem\\Filesystem.php(208): tempnam('C:\\\\Users\\\\user\\\\D...', 'packages.php')
#3 C:\\Users\\user\\Documents\\amarImsfinal\\vendor\\laravel\\framework\\src\\Illuminate\\Foundation\\PackageManifest.php(181): Illuminate\\Filesystem\\Filesystem->replace('C:\\\\Users\\\\user\\\\D...', '<?php return ar...')
#4 C:\\Users\\user\\Documents\\amarImsfinal\\vendor\\laravel\\framework\\src\\Illuminate\\Foundation\\PackageManifest.php(131): Illuminate\\Foundation\\PackageManifest->write(Array)
#5 C:\\Users\\user\\Documents\\amarImsfinal\\vendor\\laravel\\framework\\src\\Illuminate\\Foundation\\PackageManifest.php(107): Illuminate\\Foundation\\PackageManifest->build()
#6 C:\\Users\\user\\Documents\\amarImsfinal\\vendor\\laravel\\framework\\src\\Illuminate\\Foundation\\PackageManifest.php(90): Illuminate\\Foundation\\PackageManifest->getManifest()
#7 C:\\Users\\user\\Documents\\amarImsfinal\\vendor\\laravel\\framework\\src\\Illuminate\\Foundation\\PackageManifest.php(79): Illuminate\\Foundation\\PackageManifest->config('aliases')
#8 C:\\Users\\user\\Documents\\amarImsfinal\\vendor\\laravel\\framework\\src\\Illuminate\\Foundation\\Bootstrap\\RegisterFacades.php(26): Illuminate\\Foundation\\PackageManifest->aliases()
#9 C:\\Users\\user\\Documents\\amarImsfinal\\vendor\\laravel\\framework\\src\\Illuminate\\Foundation\\Application.php(265): Illuminate\\Foundation\\Bootstrap\\RegisterFacades->bootstrap(Object(Illuminate\\Foundation\\Application))
#10 C:\\Users\\user\\Documents\\amarImsfinal\\vendor\\laravel\\framework\\src\\Illuminate\\Foundation\\Console\\Kernel.php(383): Illuminate\\Foundation\\Application->bootstrapWith(Array)
#11 C:\\Users\\user\\Documents\\amarImsfinal\\vendor\\laravel\\framework\\src\\Illuminate\\Foundation\\Console\\Kernel.php(153): Illuminate\\Foundation\\Console\\Kernel->bootstrap()
#12 Command line code(1): Illuminate\\Foundation\\Console\\Kernel->handle(Object(Symfony\\Component\\Console\\Input\\ArgvInput), Object(Symfony\\Component\\Console\\Output\\ConsoleOutput))
#13 {main}
"} 
[2026-06-15 13:58:08] local.ERROR: tempnam(): file created in the system's temporary directory {"exception":"[object] (ErrorException(code: 0): tempnam(): file created in the system's temporary directory at C:\\Users\\user\\Documents\\amarImsfinal\\vendor\\laravel\\framework\\src\\Illuminate\\Filesystem\\Filesystem.php:208)
[stacktrace]
#0 C:\\Users\\user\\Documents\\amarImsfinal\\vendor\\laravel\\framework\\src\\Illuminate\\Foundation\\Bootstrap\\HandleExceptions.php(272): Illuminate\\Foundation\\Bootstrap\\HandleExceptions->handleError(8, 'tempnam(): file...', 'C:\\\\Users\\\\user\\\\D...', 208)
#1 [internal function]: Illuminate\\Foundation\\Bootstrap\\HandleExceptions->Illuminate\\Foundation\\Bootstrap\\{closure}(8, 'tempnam(): file...', 'C:\\\\Users\\\\user\\\\D...', 208)
#2 C:\\Users\\user\\Documents\\amarImsfinal\\vendor\\laravel\\framework\\src\\Illuminate\\Filesystem\\Filesystem.php(208): tempnam('C:\\\\Users\\\\user\\\\D...', 'packages.php')
#3 C:\\Users\\user\\Documents\\amarImsfinal\\vendor\\laravel\\framework\\src\\Illuminate\\Foundation\\PackageManifest.php(181): Illuminate\\Filesystem\\Filesystem->replace('C:\\\\Users\\\\user\\\\D...', '<?php return ar...')
#4 C:\\Users\\user\\Documents\\amarImsfinal\\vendor\\laravel\\framework\\src\\Illuminate\\Foundation\\PackageManifest.php(131): Illuminate\\Foundation\\PackageManifest->write(Array)
#5 C:\\Users\\user\\Documents\\amarImsfinal\\vendor\\laravel\\framework\\src\\Illuminate\\Foundation\\PackageManifest.php(107): Illuminate\\Foundation\\PackageManifest->build()
#6 C:\\Users\\user\\Documents\\amarImsfinal\\vendor\\laravel\\framework\\src\\Illuminate\\Foundation\\PackageManifest.php(90): Illuminate\\Foundation\\PackageManifest->getManifest()
#7 C:\\Users\\user\\Documents\\amarImsfinal\\vendor\\laravel\\framework\\src\\Illuminate\\Foundation\\PackageManifest.php(79): Illuminate\\Foundation\\PackageManifest->config('aliases')
#8 C:\\Users\\user\\Documents\\amarImsfinal\\vendor\\laravel\\framework\\src\\Illuminate\\Foundation\\Bootstrap\\RegisterFacades.php(26): Illuminate\\Foundation\\PackageManifest->aliases()
#9 C:\\Users\\user\\Documents\\amarImsfinal\\vendor\\laravel\\framework\\src\\Illuminate\\Foundation\\Application.php(265): Illuminate\\Foundation\\Bootstrap\\RegisterFacades->bootstrap(Object(Illuminate\\Foundation\\Application))
#10 C:\\Users\\user\\Documents\\amarImsfinal\\vendor\\laravel\\framework\\src\\Illuminate\\Foundation\\Console\\Kernel.php(383): Illuminate\\Foundation\\Application->bootstrapWith(Array)
#11 C:\\Users\\user\\Documents\\amarImsfinal\\vendor\\laravel\\framework\\src\\Illuminate\\Foundation\\Console\\Kernel.php(153): Illuminate\\Foundation\\Console\\Kernel->bootstrap()
#12 Command line code(1): Illuminate\\Foundation\\Console\\Kernel->handle(Object(Symfony\\Component\\Console\\Input\\ArgvInput), Object(Symfony\\Component\\Console\\Output\\ConsoleOutput))
#13 {main}
"} 
[2026-06-15 13:58:08] local.ERROR: tempnam(): file created in the system's temporary directory {"exception":"[object] (ErrorException(code: 0): tempnam(): file created in the system's temporary directory at C:\\Users\\user\\Documents\\amarImsfinal\\vendor\\laravel\\framework\\src\\Illuminate\\Filesystem\\Filesystem.php:208)
[stacktrace]
#0 C:\\Users\\user\\Documents\\amarImsfinal\\vendor\\laravel\\framework\\src\\Illuminate\\Foundation\\Bootstrap\\HandleExceptions.php(272): Illuminate\\Foundation\\Bootstrap\\HandleExceptions->handleError(8, 'tempnam(): file...', 'C:\\\\Users\\\\user\\\\D...', 208)
#1 [internal function]: Illuminate\\Foundation\\Bootstrap\\HandleExceptions->Illuminate\\Foundation\\Bootstrap\\{closure}(8, 'tempnam(): file...', 'C:\\\\Users\\\\user\\\\D...', 208)
#2 C:\\Users\\user\\Documents\\amarImsfinal\\vendor\\laravel\\framework\\src\\Illuminate\\Filesystem\\Filesystem.php(208): tempnam('C:\\\\Users\\\\user\\\\D...', 'packages.php')
#3 C:\\Users\\user\\Documents\\amarImsfinal\\vendor\\laravel\\framework\\src\\Illuminate\\Foundation\\PackageManifest.php(181): Illuminate\\Filesystem\\Filesystem->replace('C:\\\\Users\\\\user\\\\D...', '<?php return ar...')
#4 C:\\Users\\user\\Documents\\amarImsfinal\\vendor\\laravel\\framework\\src\\Illuminate\\Foundation\\PackageManifest.php(131): Illuminate\\Foundation\\PackageManifest->write(Array)
#5 C:\\Users\\user\\Documents\\amarImsfinal\\vendor\\laravel\\framework\\src\\Illuminate\\Foundation\\PackageManifest.php(107): Illuminate\\Foundation\\PackageManifest->build()
#6 C:\\Users\\user\\Documents\\amarImsfinal\\vendor\\laravel\\framework\\src\\Illuminate\\Foundation\\PackageManifest.php(90): Illuminate\\Foundation\\PackageManifest->getManifest()
#7 C:\\Users\\user\\Documents\\amarImsfinal\\vendor\\laravel\\framework\\src\\Illuminate\\Foundation\\PackageManifest.php(79): Illuminate\\Foundation\\PackageManifest->config('aliases')
#8 C:\\Users\\user\\Documents\\amarImsfinal\\vendor\\laravel\\framework\\src\\Illuminate\\Foundation\\Bootstrap\\RegisterFacades.php(26): Illuminate\\Foundation\\PackageManifest->aliases()
#9 C:\\Users\\user\\Documents\\amarImsfinal\\vendor\\laravel\\framework\\src\\Illuminate\\Foundation\\Application.php(265): Illuminate\\Foundation\\Bootstrap\\RegisterFacades->bootstrap(Object(Illuminate\\Foundation\\Application))
#10 C:\\Users\\user\\Documents\\amarImsfinal\\vendor\\laravel\\framework\\src\\Illuminate\\Foundation\\Console\\Kernel.php(383): Illuminate\\Foundation\\Application->bootstrapWith(Array)
#11 C:\\Users\\user\\Documents\\amarImsfinal\\vendor\\laravel\\framework\\src\\Illuminate\\Foundation\\Console\\Kernel.php(153): Illuminate\\Foundation\\Console\\Kernel->bootstrap()
#12 Command line code(1): Illuminate\\Foundation\\Console\\Kernel->handle(Object(Symfony\\Component\\Console\\Input\\ArgvInput), Object(Symfony\\Component\\Console\\Output\\ConsoleOutput))
#13 {main}
"} 
[2026-06-15 13:58:57] local.ERROR: tempnam(): file created in the system's temporary directory {"exception":"[object] (ErrorException(code: 0): tempnam(): file created in the system's temporary directory at C:\\Users\\user\\Documents\\amarImsfinal\\vendor\\laravel\\framework\\src\\Illuminate\\Filesystem\\Filesystem.php:208)
[stacktrace]
#0 C:\\Users\\user\\Documents\\amarImsfinal\\vendor\\laravel\\framework\\src\\Illuminate\\Foundation\\Bootstrap\\HandleExceptions.php(272): Illuminate\\Foundation\\Bootstrap\\HandleExceptions->handleError(8, 'tempnam(): file...', 'C:\\\\Users\\\\user\\\\D...', 208)
#1 [internal function]: Illuminate\\Foundation\\Bootstrap\\HandleExceptions->Illuminate\\Foundation\\Bootstrap\\{closure}(8, 'tempnam(): file...', 'C:\\\\Users\\\\user\\\\D...', 208)
#2 C:\\Users\\user\\Documents\\amarImsfinal\\vendor\\laravel\\framework\\src\\Illuminate\\Filesystem\\Filesystem.php(208): tempnam('C:\\\\Users\\\\user\\\\D...', 'packages.php')
#3 C:\\Users\\user\\Documents\\amarImsfinal\\vendor\\laravel\\framework\\src\\Illuminate\\Foundation\\PackageManifest.php(181): Illuminate\\Filesystem\\Filesystem->replace('C:\\\\Users\\\\user\\\\D...', '<?php return ar...')
#4 C:\\Users\\user\\Documents\\amarImsfinal\\vendor\\laravel\\framework\\src\\Illuminate\\Foundation\\PackageManifest.php(131): Illuminate\\Foundation\\PackageManifest->write(Array)
#5 C:\\Users\\user\\Documents\\amarImsfinal\\vendor\\laravel\\framework\\src\\Illuminate\\Foundation\\PackageManifest.php(107): Illuminate\\Foundation\\PackageManifest->build()
#6 C:\\Users\\user\\Documents\\amarImsfinal\\vendor\\laravel\\framework\\src\\Illuminate\\Foundation\\PackageManifest.php(90): Illuminate\\Foundation\\PackageManifest->getManifest()
#7 C:\\Users\\user\\Documents\\amarImsfinal\\vendor\\laravel\\framework\\src\\Illuminate\\Foundation\\PackageManifest.php(79): Illuminate\\Foundation\\PackageManifest->config('aliases')
#8 C:\\Users\\user\\Documents\\amarImsfinal\\vendor\\laravel\\framework\\src\\Illuminate\\Foundation\\Bootstrap\\RegisterFacades.php(26): Illuminate\\Foundation\\PackageManifest->aliases()
#9 C:\\Users\\user\\Documents\\amarImsfinal\\vendor\\laravel\\framework\\src\\Illuminate\\Foundation\\Application.php(265): Illuminate\\Foundation\\Bootstrap\\RegisterFacades->bootstrap(Object(Illuminate\\Foundation\\Application))
#10 C:\\Users\\user\\Documents\\amarImsfinal\\vendor\\laravel\\framework\\src\\Illuminate\\Foundation\\Console\\Kernel.php(383): Illuminate\\Foundation\\Application->bootstrapWith(Array)
#11 C:\\Users\\user\\Documents\\amarImsfinal\\vendor\\laravel\\framework\\src\\Illuminate\\Foundation\\Console\\Kernel.php(153): Illuminate\\Foundation\\Console\\Kernel->bootstrap()
#12 C:\\Users\\user\\Documents\\amarImsfinal\\artisan(35): Illuminate\\Foundation\\Console\\Kernel->handle(Object(Symfony\\Component\\Console\\Input\\ArgvInput), Object(Symfony\\Component\\Console\\Output\\ConsoleOutput))
#13 {main}
"} 
[2026-06-15 13:59:08] local.ERROR: tempnam(): file created in the system's temporary directory {"exception":"[object] (ErrorException(code: 0): tempnam(): file created in the system's temporary directory at C:\\Users\\user\\Documents\\amarImsfinal\\vendor\\laravel\\framework\\src\\Illuminate\\Filesystem\\Filesystem.php:208)
[stacktrace]
#0 C:\\Users\\user\\Documents\\amarImsfinal\\vendor\\laravel\\framework\\src\\Illuminate\\Foundation\\Bootstrap\\HandleExceptions.php(272): Illuminate\\Foundation\\Bootstrap\\HandleExceptions->handleError(8, 'tempnam(): file...', 'C:\\\\Users\\\\user\\\\D...', 208)
#1 [internal function]: Illuminate\\Foundation\\Bootstrap\\HandleExceptions->Illuminate\\Foundation\\Bootstrap\\{closure}(8, 'tempnam(): file...', 'C:\\\\Users\\\\user\\\\D...', 208)
#2 C:\\Users\\user\\Documents\\amarImsfinal\\vendor\\laravel\\framework\\src\\Illuminate\\Filesystem\\Filesystem.php(208): tempnam('C:\\\\Users\\\\user\\\\D...', 'packages.php')
#3 C:\\Users\\user\\Documents\\amarImsfinal\\vendor\\laravel\\framework\\src\\Illuminate\\Foundation\\PackageManifest.php(181): Illuminate\\Filesystem\\Filesystem->replace('C:\\\\Users\\\\user\\\\D...', '<?php return ar...')
#4 C:\\Users\\user\\Documents\\amarImsfinal\\vendor\\laravel\\framework\\src\\Illuminate\\Foundation\\PackageManifest.php(131): Illuminate\\Foundation\\PackageManifest->write(Array)
#5 C:\\Users\\user\\Documents\\amarImsfinal\\vendor\\laravel\\framework\\src\\Illuminate\\Foundation\\PackageManifest.php(107): Illuminate\\Foundation\\PackageManifest->build()
#6 C:\\Users\\user\\Documents\\amarImsfinal\\vendor\\laravel\\framework\\src\\Illuminate\\Foundation\\PackageManifest.php(90): Illuminate\\Foundation\\PackageManifest->getManifest()
#7 C:\\Users\\user\\Documents\\amarImsfinal\\vendor\\laravel\\framework\\src\\Illuminate\\Foundation\\PackageManifest.php(79): Illuminate\\Foundation\\PackageManifest->config('aliases')
#8 C:\\Users\\user\\Documents\\amarImsfinal\\vendor\\laravel\\framework\\src\\Illuminate\\Foundation\\Bootstrap\\RegisterFacades.php(26): Illuminate\\Foundation\\PackageManifest->aliases()
#9 C:\\Users\\user\\Documents\\amarImsfinal\\vendor\\laravel\\framework\\src\\Illuminate\\Foundation\\Application.php(265): Illuminate\\Foundation\\Bootstrap\\RegisterFacades->bootstrap(Object(Illuminate\\Foundation\\Application))
#10 C:\\Users\\user\\Documents\\amarImsfinal\\vendor\\laravel\\framework\\src\\Illuminate\\Foundation\\Console\\Kernel.php(383): Illuminate\\Foundation\\Application->bootstrapWith(Array)
#11 C:\\Users\\user\\Documents\\amarImsfinal\\vendor\\laravel\\framework\\src\\Illuminate\\Foundation\\Console\\Kernel.php(153): Illuminate\\Foundation\\Console\\Kernel->bootstrap()
#12 Command line code(1): Illuminate\\Foundation\\Console\\Kernel->handle(Object(Symfony\\Component\\Console\\Input\\ArgvInput), Object(Symfony\\Component\\Console\\Output\\ConsoleOutput))
#13 {main}
"} 
[2026-06-15 13:59:08] local.ERROR: tempnam(): file created in the system's temporary directory {"exception":"[object] (ErrorException(code: 0): tempnam(): file created in the system's temporary directory at C:\\Users\\user\\Documents\\amarImsfinal\\vendor\\laravel\\framework\\src\\Illuminate\\Filesystem\\Filesystem.php:208)
[stacktrace]
#0 C:\\Users\\user\\Documents\\amarImsfinal\\vendor\\laravel\\framework\\src\\Illuminate\\Foundation\\Bootstrap\\HandleExceptions.php(272): Illuminate\\Foundation\\Bootstrap\\HandleExceptions->handleError(8, 'tempnam(): file...', 'C:\\\\Users\\\\user\\\\D...', 208)
#1 [internal function]: Illuminate\\Foundation\\Bootstrap\\HandleExceptions->Illuminate\\Foundation\\Bootstrap\\{closure}(8, 'tempnam(): file...', 'C:\\\\Users\\\\user\\\\D...', 208)
#2 C:\\Users\\user\\Documents\\amarImsfinal\\vendor\\laravel\\framework\\src\\Illuminate\\Filesystem\\Filesystem.php(208): tempnam('C:\\\\Users\\\\user\\\\D...', 'packages.php')
#3 C:\\Users\\user\\Documents\\amarImsfinal\\vendor\\laravel\\framework\\src\\Illuminate\\Foundation\\PackageManifest.php(181): Illuminate\\Filesystem\\Filesystem->replace('C:\\\\Users\\\\user\\\\D...', '<?php return ar...')
#4 C:\\Users\\user\\Documents\\amarImsfinal\\vendor\\laravel\\framework\\src\\Illuminate\\Foundation\\PackageManifest.php(131): Illuminate\\Foundation\\PackageManifest->write(Array)
#5 C:\\Users\\user\\Documents\\amarImsfinal\\vendor\\laravel\\framework\\src\\Illuminate\\Foundation\\PackageManifest.php(107): Illuminate\\Foundation\\PackageManifest->build()
#6 C:\\Users\\user\\Documents\\amarImsfinal\\vendor\\laravel\\framework\\src\\Illuminate\\Foundation\\PackageManifest.php(90): Illuminate\\Foundation\\PackageManifest->getManifest()
#7 C:\\Users\\user\\Documents\\amarImsfinal\\vendor\\laravel\\framework\\src\\Illuminate\\Foundation\\PackageManifest.php(79): Illuminate\\Foundation\\PackageManifest->config('aliases')
#8 C:\\Users\\user\\Documents\\amarImsfinal\\vendor\\laravel\\framework\\src\\Illuminate\\Foundation\\Bootstrap\\RegisterFacades.php(26): Illuminate\\Foundation\\PackageManifest->aliases()
#9 C:\\Users\\user\\Documents\\amarImsfinal\\vendor\\laravel\\framework\\src\\Illuminate\\Foundation\\Application.php(265): Illuminate\\Foundation\\Bootstrap\\RegisterFacades->bootstrap(Object(Illuminate\\Foundation\\Application))
#10 C:\\Users\\user\\Documents\\amarImsfinal\\vendor\\laravel\\framework\\src\\Illuminate\\Foundation\\Console\\Kernel.php(383): Illuminate\\Foundation\\Application->bootstrapWith(Array)
#11 C:\\Users\\user\\Documents\\amarImsfinal\\vendor\\laravel\\framework\\src\\Illuminate\\Foundation\\Console\\Kernel.php(153): Illuminate\\Foundation\\Console\\Kernel->bootstrap()
#12 Command line code(1): Illuminate\\Foundation\\Console\\Kernel->handle(Object(Symfony\\Component\\Console\\Input\\ArgvInput), Object(Symfony\\Component\\Console\\Output\\ConsoleOutput))
#13 {main}
"} 
[2026-06-15 14:00:07] local.ERROR: tempnam(): file created in the system's temporary directory {"exception":"[object] (ErrorException(code: 0): tempnam(): file created in the system's temporary directory at C:\\Users\\user\\Documents\\amarImsfinal\\vendor\\laravel\\framework\\src\\Illuminate\\Filesystem\\Filesystem.php:208)
[stacktrace]
#0 C:\\Users\\user\\Documents\\amarImsfinal\\vendor\\laravel\\framework\\src\\Illuminate\\Foundation\\Bootstrap\\HandleExceptions.php(272): Illuminate\\Foundation\\Bootstrap\\HandleExceptions->handleError(8, 'tempnam(): file...', 'C:\\\\Users\\\\user\\\\D...', 208)
#1 [internal function]: Illuminate\\Foundation\\Bootstrap\\HandleExceptions->Illuminate\\Foundation\\Bootstrap\\{closure}(8, 'tempnam(): file...', 'C:\\\\Users\\\\user\\\\D...', 208)
#2 C:\\Users\\user\\Documents\\amarImsfinal\\vendor\\laravel\\framework\\src\\Illuminate\\Filesystem\\Filesystem.php(208): tempnam('C:\\\\Users\\\\user\\\\D...', 'packages.php')
#3 C:\\Users\\user\\Documents\\amarImsfinal\\vendor\\laravel\\framework\\src\\Illuminate\\Foundation\\PackageManifest.php(181): Illuminate\\Filesystem\\Filesystem->replace('C:\\\\Users\\\\user\\\\D...', '<?php return ar...')
#4 C:\\Users\\user\\Documents\\amarImsfinal\\vendor\\laravel\\framework\\src\\Illuminate\\Foundation\\PackageManifest.php(131): Illuminate\\Foundation\\PackageManifest->write(Array)
#5 C:\\Users\\user\\Documents\\amarImsfinal\\vendor\\laravel\\framework\\src\\Illuminate\\Foundation\\PackageManifest.php(107): Illuminate\\Foundation\\PackageManifest->build()
#6 C:\\Users\\user\\Documents\\amarImsfinal\\vendor\\laravel\\framework\\src\\Illuminate\\Foundation\\PackageManifest.php(90): Illuminate\\Foundation\\PackageManifest->getManifest()
#7 C:\\Users\\user\\Documents\\amarImsfinal\\vendor\\laravel\\framework\\src\\Illuminate\\Foundation\\PackageManifest.php(79): Illuminate\\Foundation\\PackageManifest->config('aliases')
#8 C:\\Users\\user\\Documents\\amarImsfinal\\vendor\\laravel\\framework\\src\\Illuminate\\Foundation\\Bootstrap\\RegisterFacades.php(26): Illuminate\\Foundation\\PackageManifest->aliases()
#9 C:\\Users\\user\\Documents\\amarImsfinal\\vendor\\laravel\\framework\\src\\Illuminate\\Foundation\\Application.php(265): Illuminate\\Foundation\\Bootstrap\\RegisterFacades->bootstrap(Object(Illuminate\\Foundation\\Application))
#10 C:\\Users\\user\\Documents\\amarImsfinal\\vendor\\laravel\\framework\\src\\Illuminate\\Foundation\\Console\\Kernel.php(383): Illuminate\\Foundation\\Application->bootstrapWith(Array)
#11 C:\\Users\\user\\Documents\\amarImsfinal\\vendor\\laravel\\framework\\src\\Illuminate\\Foundation\\Console\\Kernel.php(153): Illuminate\\Foundation\\Console\\Kernel->bootstrap()
#12 Command line code(1): Illuminate\\Foundation\\Console\\Kernel->handle(Object(Symfony\\Component\\Console\\Input\\ArgvInput), Object(Symfony\\Component\\Console\\Output\\ConsoleOutput))
#13 {main}
"} 
[2026-06-15 14:00:08] local.ERROR: tempnam(): file created in the system's temporary directory {"exception":"[object] (ErrorException(code: 0): tempnam(): file created in the system's temporary directory at C:\\Users\\user\\Documents\\amarImsfinal\\vendor\\laravel\\framework\\src\\Illuminate\\Filesystem\\Filesystem.php:208)
[stacktrace]
#0 C:\\Users\\user\\Documents\\amarImsfinal\\vendor\\laravel\\framework\\src\\Illuminate\\Foundation\\Bootstrap\\HandleExceptions.php(272): Illuminate\\Foundation\\Bootstrap\\HandleExceptions->handleError(8, 'tempnam(): file...', 'C:\\\\Users\\\\user\\\\D...', 208)
#1 [internal function]: Illuminate\\Foundation\\Bootstrap\\HandleExceptions->Illuminate\\Foundation\\Bootstrap\\{closure}(8, 'tempnam(): file...', 'C:\\\\Users\\\\user\\\\D...', 208)
#2 C:\\Users\\user\\Documents\\amarImsfinal\\vendor\\laravel\\framework\\src\\Illuminate\\Filesystem\\Filesystem.php(208): tempnam('C:\\\\Users\\\\user\\\\D...', 'packages.php')
#3 C:\\Users\\user\\Documents\\amarImsfinal\\vendor\\laravel\\framework\\src\\Illuminate\\Foundation\\PackageManifest.php(181): Illuminate\\Filesystem\\Filesystem->replace('C:\\\\Users\\\\user\\\\D...', '<?php return ar...')
#4 C:\\Users\\user\\Documents\\amarImsfinal\\vendor\\laravel\\framework\\src\\Illuminate\\Foundation\\PackageManifest.php(131): Illuminate\\Foundation\\PackageManifest->write(Array)
#5 C:\\Users\\user\\Documents\\amarImsfinal\\vendor\\laravel\\framework\\src\\Illuminate\\Foundation\\PackageManifest.php(107): Illuminate\\Foundation\\PackageManifest->build()
#6 C:\\Users\\user\\Documents\\amarImsfinal\\vendor\\laravel\\framework\\src\\Illuminate\\Foundation\\PackageManifest.php(90): Illuminate\\Foundation\\PackageManifest->getManifest()
#7 C:\\Users\\user\\Documents\\amarImsfinal\\vendor\\laravel\\framework\\src\\Illuminate\\Foundation\\PackageManifest.php(79): Illuminate\\Foundation\\PackageManifest->config('aliases')
#8 C:\\Users\\user\\Documents\\amarImsfinal\\vendor\\laravel\\framework\\src\\Illuminate\\Foundation\\Bootstrap\\RegisterFacades.php(26): Illuminate\\Foundation\\PackageManifest->aliases()
#9 C:\\Users\\user\\Documents\\amarImsfinal\\vendor\\laravel\\framework\\src\\Illuminate\\Foundation\\Application.php(265): Illuminate\\Foundation\\Bootstrap\\RegisterFacades->bootstrap(Object(Illuminate\\Foundation\\Application))
#10 C:\\Users\\user\\Documents\\amarImsfinal\\vendor\\laravel\\framework\\src\\Illuminate\\Foundation\\Console\\Kernel.php(383): Illuminate\\Foundation\\Application->bootstrapWith(Array)
#11 C:\\Users\\user\\Documents\\amarImsfinal\\vendor\\laravel\\framework\\src\\Illuminate\\Foundation\\Console\\Kernel.php(153): Illuminate\\Foundation\\Console\\Kernel->bootstrap()
#12 Command line code(1): Illuminate\\Foundation\\Console\\Kernel->handle(Object(Symfony\\Component\\Console\\Input\\ArgvInput), Object(Symfony\\Component\\Console\\Output\\ConsoleOutput))
#13 {main}
"} 
[2026-06-15 14:00:08] local.ERROR: tempnam(): file created in the system's temporary directory {"exception":"[object] (ErrorException(code: 0): tempnam(): file created in the system's temporary directory at C:\\Users\\user\\Documents\\amarImsfinal\\vendor\\laravel\\framework\\src\\Illuminate\\Filesystem\\Filesystem.php:208)
[stacktrace]
#0 C:\\Users\\user\\Documents\\amarImsfinal\\vendor\\laravel\\framework\\src\\Illuminate\\Foundation\\Bootstrap\\HandleExceptions.php(272): Illuminate\\Foundation\\Bootstrap\\HandleExceptions->handleError(8, 'tempnam(): file...', 'C:\\\\Users\\\\user\\\\D...', 208)
#1 [internal function]: Illuminate\\Foundation\\Bootstrap\\HandleExceptions->Illuminate\\Foundation\\Bootstrap\\{closure}(8, 'tempnam(): file...', 'C:\\\\Users\\\\user\\\\D...', 208)
#2 C:\\Users\\user\\Documents\\amarImsfinal\\vendor\\laravel\\framework\\src\\Illuminate\\Filesystem\\Filesystem.php(208): tempnam('C:\\\\Users\\\\user\\\\D...', 'packages.php')
#3 C:\\Users\\user\\Documents\\amarImsfinal\\vendor\\laravel\\framework\\src\\Illuminate\\Foundation\\PackageManifest.php(181): Illuminate\\Filesystem\\Filesystem->replace('C:\\\\Users\\\\user\\\\D...', '<?php return ar...')
#4 C:\\Users\\user\\Documents\\amarImsfinal\\vendor\\laravel\\framework\\src\\Illuminate\\Foundation\\PackageManifest.php(131): Illuminate\\Foundation\\PackageManifest->write(Array)
#5 C:\\Users\\user\\Documents\\amarImsfinal\\vendor\\laravel\\framework\\src\\Illuminate\\Foundation\\PackageManifest.php(107): Illuminate\\Foundation\\PackageManifest->build()
#6 C:\\Users\\user\\Documents\\amarImsfinal\\vendor\\laravel\\framework\\src\\Illuminate\\Foundation\\PackageManifest.php(90): Illuminate\\Foundation\\PackageManifest->getManifest()
#7 C:\\Users\\user\\Documents\\amarImsfinal\\vendor\\laravel\\framework\\src\\Illuminate\\Foundation\\PackageManifest.php(79): Illuminate\\Foundation\\PackageManifest->config('aliases')
#8 C:\\Users\\user\\Documents\\amarImsfinal\\vendor\\laravel\\framework\\src\\Illuminate\\Foundation\\Bootstrap\\RegisterFacades.php(26): Illuminate\\Foundation\\PackageManifest->aliases()
#9 C:\\Users\\user\\Documents\\amarImsfinal\\vendor\\laravel\\framework\\src\\Illuminate\\Foundation\\Application.php(265): Illuminate\\Foundation\\Bootstrap\\RegisterFacades->bootstrap(Object(Illuminate\\Foundation\\Application))
#10 C:\\Users\\user\\Documents\\amarImsfinal\\vendor\\laravel\\framework\\src\\Illuminate\\Foundation\\Console\\Kernel.php(383): Illuminate\\Foundation\\Application->bootstrapWith(Array)
#11 C:\\Users\\user\\Documents\\amarImsfinal\\vendor\\laravel\\framework\\src\\Illuminate\\Foundation\\Console\\Kernel.php(153): Illuminate\\Foundation\\Console\\Kernel->bootstrap()
#12 Command line code(1): Illuminate\\Foundation\\Console\\Kernel->handle(Object(Symfony\\Component\\Console\\Input\\ArgvInput), Object(Symfony\\Component\\Console\\Output\\ConsoleOutput))
#13 {main}
"} 
[2026-06-15 14:00:59] local.ERROR: tempnam(): file created in the system's temporary directory {"exception":"[object] (ErrorException(code: 0): tempnam(): file created in the system's temporary directory at C:\\Users\\user\\Documents\\amarImsfinal\\vendor\\laravel\\framework\\src\\Illuminate\\Filesystem\\Filesystem.php:208)
[stacktrace]
#0 C:\\Users\\user\\Documents\\amarImsfinal\\vendor\\laravel\\framework\\src\\Illuminate\\Foundation\\Bootstrap\\HandleExceptions.php(272): Illuminate\\Foundation\\Bootstrap\\HandleExceptions->handleError(8, 'tempnam(): file...', 'C:\\\\Users\\\\user\\\\D...', 208)
#1 [internal function]: Illuminate\\Foundation\\Bootstrap\\HandleExceptions->Illuminate\\Foundation\\Bootstrap\\{closure}(8, 'tempnam(): file...', 'C:\\\\Users\\\\user\\\\D...', 208)
#2 C:\\Users\\user\\Documents\\amarImsfinal\\vendor\\laravel\\framework\\src\\Illuminate\\Filesystem\\Filesystem.php(208): tempnam('C:\\\\Users\\\\user\\\\D...', 'packages.php')
#3 C:\\Users\\user\\Documents\\amarImsfinal\\vendor\\laravel\\framework\\src\\Illuminate\\Foundation\\PackageManifest.php(181): Illuminate\\Filesystem\\Filesystem->replace('C:\\\\Users\\\\user\\\\D...', '<?php return ar...')
#4 C:\\Users\\user\\Documents\\amarImsfinal\\vendor\\laravel\\framework\\src\\Illuminate\\Foundation\\PackageManifest.php(131): Illuminate\\Foundation\\PackageManifest->write(Array)
#5 C:\\Users\\user\\Documents\\amarImsfinal\\vendor\\laravel\\framework\\src\\Illuminate\\Foundation\\PackageManifest.php(107): Illuminate\\Foundation\\PackageManifest->build()
#6 C:\\Users\\user\\Documents\\amarImsfinal\\vendor\\laravel\\framework\\src\\Illuminate\\Foundation\\PackageManifest.php(90): Illuminate\\Foundation\\PackageManifest->getManifest()
#7 C:\\Users\\user\\Documents\\amarImsfinal\\vendor\\laravel\\framework\\src\\Illuminate\\Foundation\\PackageManifest.php(79): Illuminate\\Foundation\\PackageManifest->config('aliases')
#8 C:\\Users\\user\\Documents\\amarImsfinal\\vendor\\laravel\\framework\\src\\Illuminate\\Foundation\\Bootstrap\\RegisterFacades.php(26): Illuminate\\Foundation\\PackageManifest->aliases()
#9 C:\\Users\\user\\Documents\\amarImsfinal\\vendor\\laravel\\framework\\src\\Illuminate\\Foundation\\Application.php(265): Illuminate\\Foundation\\Bootstrap\\RegisterFacades->bootstrap(Object(Illuminate\\Foundation\\Application))
#10 C:\\Users\\user\\Documents\\amarImsfinal\\vendor\\laravel\\framework\\src\\Illuminate\\Foundation\\Console\\Kernel.php(383): Illuminate\\Foundation\\Application->bootstrapWith(Array)
#11 C:\\Users\\user\\Documents\\amarImsfinal\\vendor\\laravel\\framework\\src\\Illuminate\\Foundation\\Console\\Kernel.php(153): Illuminate\\Foundation\\Console\\Kernel->bootstrap()
#12 Command line code(1): Illuminate\\Foundation\\Console\\Kernel->handle(Object(Symfony\\Component\\Console\\Input\\ArgvInput), Object(Symfony\\Component\\Console\\Output\\ConsoleOutput))
#13 {main}
"} 
[2026-06-15 14:01:08] local.ERROR: tempnam(): file created in the system's temporary directory {"exception":"[object] (ErrorException(code: 0): tempnam(): file created in the system's temporary directory at C:\\Users\\user\\Documents\\amarImsfinal\\vendor\\laravel\\framework\\src\\Illuminate\\Filesystem\\Filesystem.php:208)
[stacktrace]
#0 C:\\Users\\user\\Documents\\amarImsfinal\\vendor\\laravel\\framework\\src\\Illuminate\\Foundation\\Bootstrap\\HandleExceptions.php(272): Illuminate\\Foundation\\Bootstrap\\HandleExceptions->handleError(8, 'tempnam(): file...', 'C:\\\\Users\\\\user\\\\D...', 208)
#1 [internal function]: Illuminate\\Foundation\\Bootstrap\\HandleExceptions->Illuminate\\Foundation\\Bootstrap\\{closure}(8, 'tempnam(): file...', 'C:\\\\Users\\\\user\\\\D...', 208)
#2 C:\\Users\\user\\Documents\\amarImsfinal\\vendor\\laravel\\framework\\src\\Illuminate\\Filesystem\\Filesystem.php(208): tempnam('C:\\\\Users\\\\user\\\\D...', 'packages.php')
#3 C:\\Users\\user\\Documents\\amarImsfinal\\vendor\\laravel\\framework\\src\\Illuminate\\Foundation\\PackageManifest.php(181): Illuminate\\Filesystem\\Filesystem->replace('C:\\\\Users\\\\user\\\\D...', '<?php return ar...')
#4 C:\\Users\\user\\Documents\\amarImsfinal\\vendor\\laravel\\framework\\src\\Illuminate\\Foundation\\PackageManifest.php(131): Illuminate\\Foundation\\PackageManifest->write(Array)
#5 C:\\Users\\user\\Documents\\amarImsfinal\\vendor\\laravel\\framework\\src\\Illuminate\\Foundation\\PackageManifest.php(107): Illuminate\\Foundation\\PackageManifest->build()
#6 C:\\Users\\user\\Documents\\amarImsfinal\\vendor\\laravel\\framework\\src\\Illuminate\\Foundation\\PackageManifest.php(90): Illuminate\\Foundation\\PackageManifest->getManifest()
#7 C:\\Users\\user\\Documents\\amarImsfinal\\vendor\\laravel\\framework\\src\\Illuminate\\Foundation\\PackageManifest.php(79): Illuminate\\Foundation\\PackageManifest->config('aliases')
#8 C:\\Users\\user\\Documents\\amarImsfinal\\vendor\\laravel\\framework\\src\\Illuminate\\Foundation\\Bootstrap\\RegisterFacades.php(26): Illuminate\\Foundation\\PackageManifest->aliases()
#9 C:\\Users\\user\\Documents\\amarImsfinal\\vendor\\laravel\\framework\\src\\Illuminate\\Foundation\\Application.php(265): Illuminate\\Foundation\\Bootstrap\\RegisterFacades->bootstrap(Object(Illuminate\\Foundation\\Application))
#10 C:\\Users\\user\\Documents\\amarImsfinal\\vendor\\laravel\\framework\\src\\Illuminate\\Foundation\\Console\\Kernel.php(383): Illuminate\\Foundation\\Application->bootstrapWith(Array)
#11 C:\\Users\\user\\Documents\\amarImsfinal\\vendor\\laravel\\framework\\src\\Illuminate\\Foundation\\Console\\Kernel.php(153): Illuminate\\Foundation\\Console\\Kernel->bootstrap()
#12 Command line code(1): Illuminate\\Foundation\\Console\\Kernel->handle(Object(Symfony\\Component\\Console\\Input\\ArgvInput), Object(Symfony\\Component\\Console\\Output\\ConsoleOutput))
#13 {main}
"} 
[2026-06-15 14:01:08] local.ERROR: tempnam(): file created in the system's temporary directory {"exception":"[object] (ErrorException(code: 0): tempnam(): file created in the system's temporary directory at C:\\Users\\user\\Documents\\amarImsfinal\\vendor\\laravel\\framework\\src\\Illuminate\\Filesystem\\Filesystem.php:208)
[stacktrace]
#0 C:\\Users\\user\\Documents\\amarImsfinal\\vendor\\laravel\\framework\\src\\Illuminate\\Foundation\\Bootstrap\\HandleExceptions.php(272): Illuminate\\Foundation\\Bootstrap\\HandleExceptions->handleError(8, 'tempnam(): file...', 'C:\\\\Users\\\\user\\\\D...', 208)
#1 [internal function]: Illuminate\\Foundation\\Bootstrap\\HandleExceptions->Illuminate\\Foundation\\Bootstrap\\{closure}(8, 'tempnam(): file...', 'C:\\\\Users\\\\user\\\\D...', 208)
#2 C:\\Users\\user\\Documents\\amarImsfinal\\vendor\\laravel\\framework\\src\\Illuminate\\Filesystem\\Filesystem.php(208): tempnam('C:\\\\Users\\\\user\\\\D...', 'packages.php')
#3 C:\\Users\\user\\Documents\\amarImsfinal\\vendor\\laravel\\framework\\src\\Illuminate\\Foundation\\PackageManifest.php(181): Illuminate\\Filesystem\\Filesystem->replace('C:\\\\Users\\\\user\\\\D...', '<?php return ar...')
#4 C:\\Users\\user\\Documents\\amarImsfinal\\vendor\\laravel\\framework\\src\\Illuminate\\Foundation\\PackageManifest.php(131): Illuminate\\Foundation\\PackageManifest->write(Array)
#5 C:\\Users\\user\\Documents\\amarImsfinal\\vendor\\laravel\\framework\\src\\Illuminate\\Foundation\\PackageManifest.php(107): Illuminate\\Foundation\\PackageManifest->build()
#6 C:\\Users\\user\\Documents\\amarImsfinal\\vendor\\laravel\\framework\\src\\Illuminate\\Foundation\\PackageManifest.php(90): Illuminate\\Foundation\\PackageManifest->getManifest()
#7 C:\\Users\\user\\Documents\\amarImsfinal\\vendor\\laravel\\framework\\src\\Illuminate\\Foundation\\PackageManifest.php(79): Illuminate\\Foundation\\PackageManifest->config('aliases')
#8 C:\\Users\\user\\Documents\\amarImsfinal\\vendor\\laravel\\framework\\src\\Illuminate\\Foundation\\Bootstrap\\RegisterFacades.php(26): Illuminate\\Foundation\\PackageManifest->aliases()
#9 C:\\Users\\user\\Documents\\amarImsfinal\\vendor\\laravel\\framework\\src\\Illuminate\\Foundation\\Application.php(265): Illuminate\\Foundation\\Bootstrap\\RegisterFacades->bootstrap(Object(Illuminate\\Foundation\\Application))
#10 C:\\Users\\user\\Documents\\amarImsfinal\\vendor\\laravel\\framework\\src\\Illuminate\\Foundation\\Console\\Kernel.php(383): Illuminate\\Foundation\\Application->bootstrapWith(Array)
#11 C:\\Users\\user\\Documents\\amarImsfinal\\vendor\\laravel\\framework\\src\\Illuminate\\Foundation\\Console\\Kernel.php(153): Illuminate\\Foundation\\Console\\Kernel->bootstrap()
#12 Command line code(1): Illuminate\\Foundation\\Console\\Kernel->handle(Object(Symfony\\Component\\Console\\Input\\ArgvInput), Object(Symfony\\Component\\Console\\Output\\ConsoleOutput))
#13 {main}
"} 
[2026-06-15 14:01:19] local.ERROR: tempnam(): file created in the system's temporary directory {"exception":"[object] (ErrorException(code: 0): tempnam(): file created in the system's temporary directory at C:\\Users\\user\\Documents\\amarImsfinal\\vendor\\laravel\\framework\\src\\Illuminate\\Filesystem\\Filesystem.php:208)
[stacktrace]
#0 C:\\Users\\user\\Documents\\amarImsfinal\\vendor\\laravel\\framework\\src\\Illuminate\\Foundation\\Bootstrap\\HandleExceptions.php(272): Illuminate\\Foundation\\Bootstrap\\HandleExceptions->handleError(8, 'tempnam(): file...', 'C:\\\\Users\\\\user\\\\D...', 208)
#1 [internal function]: Illuminate\\Foundation\\Bootstrap\\HandleExceptions->Illuminate\\Foundation\\Bootstrap\\{closure}(8, 'tempnam(): file...', 'C:\\\\Users\\\\user\\\\D...', 208)
#2 C:\\Users\\user\\Documents\\amarImsfinal\\vendor\\laravel\\framework\\src\\Illuminate\\Filesystem\\Filesystem.php(208): tempnam('C:\\\\Users\\\\user\\\\D...', 'packages.php')
#3 C:\\Users\\user\\Documents\\amarImsfinal\\vendor\\laravel\\framework\\src\\Illuminate\\Foundation\\PackageManifest.php(181): Illuminate\\Filesystem\\Filesystem->replace('C:\\\\Users\\\\user\\\\D...', '<?php return ar...')
#4 C:\\Users\\user\\Documents\\amarImsfinal\\vendor\\laravel\\framework\\src\\Illuminate\\Foundation\\PackageManifest.php(131): Illuminate\\Foundation\\PackageManifest->write(Array)
#5 C:\\Users\\user\\Documents\\amarImsfinal\\vendor\\laravel\\framework\\src\\Illuminate\\Foundation\\PackageManifest.php(107): Illuminate\\Foundation\\PackageManifest->build()
#6 C:\\Users\\user\\Documents\\amarImsfinal\\vendor\\laravel\\framework\\src\\Illuminate\\Foundation\\PackageManifest.php(90): Illuminate\\Foundation\\PackageManifest->getManifest()
#7 C:\\Users\\user\\Documents\\amarImsfinal\\vendor\\laravel\\framework\\src\\Illuminate\\Foundation\\PackageManifest.php(79): Illuminate\\Foundation\\PackageManifest->config('aliases')
#8 C:\\Users\\user\\Documents\\amarImsfinal\\vendor\\laravel\\framework\\src\\Illuminate\\Foundation\\Bootstrap\\RegisterFacades.php(26): Illuminate\\Foundation\\PackageManifest->aliases()
#9 C:\\Users\\user\\Documents\\amarImsfinal\\vendor\\laravel\\framework\\src\\Illuminate\\Foundation\\Application.php(265): Illuminate\\Foundation\\Bootstrap\\RegisterFacades->bootstrap(Object(Illuminate\\Foundation\\Application))
#10 C:\\Users\\user\\Documents\\amarImsfinal\\vendor\\laravel\\framework\\src\\Illuminate\\Foundation\\Console\\Kernel.php(383): Illuminate\\Foundation\\Application->bootstrapWith(Array)
#11 C:\\Users\\user\\Documents\\amarImsfinal\\vendor\\laravel\\framework\\src\\Illuminate\\Foundation\\Console\\Kernel.php(153): Illuminate\\Foundation\\Console\\Kernel->bootstrap()
#12 C:\\Users\\user\\Documents\\amarImsfinal\\artisan(35): Illuminate\\Foundation\\Console\\Kernel->handle(Object(Symfony\\Component\\Console\\Input\\ArgvInput), Object(Symfony\\Component\\Console\\Output\\ConsoleOutput))
#13 {main}
"} 
[2026-06-15 14:02:08] local.ERROR: tempnam(): file created in the system's temporary directory {"exception":"[object] (ErrorException(code: 0): tempnam(): file created in the system's temporary directory at C:\\Users\\user\\Documents\\amarImsfinal\\vendor\\laravel\\framework\\src\\Illuminate\\Filesystem\\Filesystem.php:208)
[stacktrace]
#0 C:\\Users\\user\\Documents\\amarImsfinal\\vendor\\laravel\\framework\\src\\Illuminate\\Foundation\\Bootstrap\\HandleExceptions.php(272): Illuminate\\Foundation\\Bootstrap\\HandleExceptions->handleError(8, 'tempnam(): file...', 'C:\\\\Users\\\\user\\\\D...', 208)
#1 [internal function]: Illuminate\\Foundation\\Bootstrap\\HandleExceptions->Illuminate\\Foundation\\Bootstrap\\{closure}(8, 'tempnam(): file...', 'C:\\\\Users\\\\user\\\\D...', 208)
#2 C:\\Users\\user\\Documents\\amarImsfinal\\vendor\\laravel\\framework\\src\\Illuminate\\Filesystem\\Filesystem.php(208): tempnam('C:\\\\Users\\\\user\\\\D...', 'packages.php')
#3 C:\\Users\\user\\Documents\\amarImsfinal\\vendor\\laravel\\framework\\src\\Illuminate\\Foundation\\PackageManifest.php(181): Illuminate\\Filesystem\\Filesystem->replace('C:\\\\Users\\\\user\\\\D...', '<?php return ar...')
#4 C:\\Users\\user\\Documents\\amarImsfinal\\vendor\\laravel\\framework\\src\\Illuminate\\Foundation\\PackageManifest.php(131): Illuminate\\Foundation\\PackageManifest->write(Array)
#5 C:\\Users\\user\\Documents\\amarImsfinal\\vendor\\laravel\\framework\\src\\Illuminate\\Foundation\\PackageManifest.php(107): Illuminate\\Foundation\\PackageManifest->build()
#6 C:\\Users\\user\\Documents\\amarImsfinal\\vendor\\laravel\\framework\\src\\Illuminate\\Foundation\\PackageManifest.php(90): Illuminate\\Foundation\\PackageManifest->getManifest()
#7 C:\\Users\\user\\Documents\\amarImsfinal\\vendor\\laravel\\framework\\src\\Illuminate\\Foundation\\PackageManifest.php(79): Illuminate\\Foundation\\PackageManifest->config('aliases')
#8 C:\\Users\\user\\Documents\\amarImsfinal\\vendor\\laravel\\framework\\src\\Illuminate\\Foundation\\Bootstrap\\RegisterFacades.php(26): Illuminate\\Foundation\\PackageManifest->aliases()
#9 C:\\Users\\user\\Documents\\amarImsfinal\\vendor\\laravel\\framework\\src\\Illuminate\\Foundation\\Application.php(265): Illuminate\\Foundation\\Bootstrap\\RegisterFacades->bootstrap(Object(Illuminate\\Foundation\\Application))
#10 C:\\Users\\user\\Documents\\amarImsfinal\\vendor\\laravel\\framework\\src\\Illuminate\\Foundation\\Console\\Kernel.php(383): Illuminate\\Foundation\\Application->bootstrapWith(Array)
#11 C:\\Users\\user\\Documents\\amarImsfinal\\vendor\\laravel\\framework\\src\\Illuminate\\Foundation\\Console\\Kernel.php(153): Illuminate\\Foundation\\Console\\Kernel->bootstrap()
#12 Command line code(1): Illuminate\\Foundation\\Console\\Kernel->handle(Object(Symfony\\Component\\Console\\Input\\ArgvInput), Object(Symfony\\Component\\Console\\Output\\ConsoleOutput))
#13 {main}
"} 
[2026-06-15 14:02:08] local.ERROR: tempnam(): file created in the system's temporary directory {"exception":"[object] (ErrorException(code: 0): tempnam(): file created in the system's temporary directory at C:\\Users\\user\\Documents\\amarImsfinal\\vendor\\laravel\\framework\\src\\Illuminate\\Filesystem\\Filesystem.php:208)
[stacktrace]
#0 C:\\Users\\user\\Documents\\amarImsfinal\\vendor\\laravel\\framework\\src\\Illuminate\\Foundation\\Bootstrap\\HandleExceptions.php(272): Illuminate\\Foundation\\Bootstrap\\HandleExceptions->handleError(8, 'tempnam(): file...', 'C:\\\\Users\\\\user\\\\D...', 208)
#1 [internal function]: Illuminate\\Foundation\\Bootstrap\\HandleExceptions->Illuminate\\Foundation\\Bootstrap\\{closure}(8, 'tempnam(): file...', 'C:\\\\Users\\\\user\\\\D...', 208)
#2 C:\\Users\\user\\Documents\\amarImsfinal\\vendor\\laravel\\framework\\src\\Illuminate\\Filesystem\\Filesystem.php(208): tempnam('C:\\\\Users\\\\user\\\\D...', 'packages.php')
#3 C:\\Users\\user\\Documents\\amarImsfinal\\vendor\\laravel\\framework\\src\\Illuminate\\Foundation\\PackageManifest.php(181): Illuminate\\Filesystem\\Filesystem->replace('C:\\\\Users\\\\user\\\\D...', '<?php return ar...')
#4 C:\\Users\\user\\Documents\\amarImsfinal\\vendor\\laravel\\framework\\src\\Illuminate\\Foundation\\PackageManifest.php(131): Illuminate\\Foundation\\PackageManifest->write(Array)
#5 C:\\Users\\user\\Documents\\amarImsfinal\\vendor\\laravel\\framework\\src\\Illuminate\\Foundation\\PackageManifest.php(107): Illuminate\\Foundation\\PackageManifest->build()
#6 C:\\Users\\user\\Documents\\amarImsfinal\\vendor\\laravel\\framework\\src\\Illuminate\\Foundation\\PackageManifest.php(90): Illuminate\\Foundation\\PackageManifest->getManifest()
#7 C:\\Users\\user\\Documents\\amarImsfinal\\vendor\\laravel\\framework\\src\\Illuminate\\Foundation\\PackageManifest.php(79): Illuminate\\Foundation\\PackageManifest->config('aliases')
#8 C:\\Users\\user\\Documents\\amarImsfinal\\vendor\\laravel\\framework\\src\\Illuminate\\Foundation\\Bootstrap\\RegisterFacades.php(26): Illuminate\\Foundation\\PackageManifest->aliases()
#9 C:\\Users\\user\\Documents\\amarImsfinal\\vendor\\laravel\\framework\\src\\Illuminate\\Foundation\\Application.php(265): Illuminate\\Foundation\\Bootstrap\\RegisterFacades->bootstrap(Object(Illuminate\\Foundation\\Application))
#10 C:\\Users\\user\\Documents\\amarImsfinal\\vendor\\laravel\\framework\\src\\Illuminate\\Foundation\\Console\\Kernel.php(383): Illuminate\\Foundation\\Application->bootstrapWith(Array)
#11 C:\\Users\\user\\Documents\\amarImsfinal\\vendor\\laravel\\framework\\src\\Illuminate\\Foundation\\Console\\Kernel.php(153): Illuminate\\Foundation\\Console\\Kernel->bootstrap()
#12 Command line code(1): Illuminate\\Foundation\\Console\\Kernel->handle(Object(Symfony\\Component\\Console\\Input\\ArgvInput), Object(Symfony\\Component\\Console\\Output\\ConsoleOutput))
#13 {main}
"} 
[2026-06-15 14:02:42] local.ERROR: tempnam(): file created in the system's temporary directory {"exception":"[object] (ErrorException(code: 0): tempnam(): file created in the system's temporary directory at C:\\Users\\user\\Documents\\amarImsfinal\\vendor\\laravel\\framework\\src\\Illuminate\\Filesystem\\Filesystem.php:208)
[stacktrace]
#0 C:\\Users\\user\\Documents\\amarImsfinal\\vendor\\laravel\\framework\\src\\Illuminate\\Foundation\\Bootstrap\\HandleExceptions.php(272): Illuminate\\Foundation\\Bootstrap\\HandleExceptions->handleError(8, 'tempnam(): file...', 'C:\\\\Users\\\\user\\\\D...', 208)
#1 [internal function]: Illuminate\\Foundation\\Bootstrap\\HandleExceptions->Illuminate\\Foundation\\Bootstrap\\{closure}(8, 'tempnam(): file...', 'C:\\\\Users\\\\user\\\\D...', 208)
#2 C:\\Users\\user\\Documents\\amarImsfinal\\vendor\\laravel\\framework\\src\\Illuminate\\Filesystem\\Filesystem.php(208): tempnam('C:\\\\Users\\\\user\\\\D...', 'packages.php')
#3 C:\\Users\\user\\Documents\\amarImsfinal\\vendor\\laravel\\framework\\src\\Illuminate\\Foundation\\PackageManifest.php(181): Illuminate\\Filesystem\\Filesystem->replace('C:\\\\Users\\\\user\\\\D...', '<?php return ar...')
#4 C:\\Users\\user\\Documents\\amarImsfinal\\vendor\\laravel\\framework\\src\\Illuminate\\Foundation\\PackageManifest.php(131): Illuminate\\Foundation\\PackageManifest->write(Array)
#5 C:\\Users\\user\\Documents\\amarImsfinal\\vendor\\laravel\\framework\\src\\Illuminate\\Foundation\\PackageManifest.php(107): Illuminate\\Foundation\\PackageManifest->build()
#6 C:\\Users\\user\\Documents\\amarImsfinal\\vendor\\laravel\\framework\\src\\Illuminate\\Foundation\\PackageManifest.php(90): Illuminate\\Foundation\\PackageManifest->getManifest()
#7 C:\\Users\\user\\Documents\\amarImsfinal\\vendor\\laravel\\framework\\src\\Illuminate\\Foundation\\PackageManifest.php(79): Illuminate\\Foundation\\PackageManifest->config('aliases')
#8 C:\\Users\\user\\Documents\\amarImsfinal\\vendor\\laravel\\framework\\src\\Illuminate\\Foundation\\Bootstrap\\RegisterFacades.php(26): Illuminate\\Foundation\\PackageManifest->aliases()
#9 C:\\Users\\user\\Documents\\amarImsfinal\\vendor\\laravel\\framework\\src\\Illuminate\\Foundation\\Application.php(265): Illuminate\\Foundation\\Bootstrap\\RegisterFacades->bootstrap(Object(Illuminate\\Foundation\\Application))
#10 C:\\Users\\user\\Documents\\amarImsfinal\\vendor\\laravel\\framework\\src\\Illuminate\\Foundation\\Console\\Kernel.php(383): Illuminate\\Foundation\\Application->bootstrapWith(Array)
#11 C:\\Users\\user\\Documents\\amarImsfinal\\vendor\\laravel\\framework\\src\\Illuminate\\Foundation\\Console\\Kernel.php(153): Illuminate\\Foundation\\Console\\Kernel->bootstrap()
#12 C:\\Users\\user\\Documents\\amarImsfinal\\artisan(35): Illuminate\\Foundation\\Console\\Kernel->handle(Object(Symfony\\Component\\Console\\Input\\ArgvInput), Object(Symfony\\Component\\Console\\Output\\ConsoleOutput))
#13 {main}
"} 
[2026-06-15 14:03:08] local.ERROR: tempnam(): file created in the system's temporary directory {"exception":"[object] (ErrorException(code: 0): tempnam(): file created in the system's temporary directory at C:\\Users\\user\\Documents\\amarImsfinal\\vendor\\laravel\\framework\\src\\Illuminate\\Filesystem\\Filesystem.php:208)
[stacktrace]
#0 C:\\Users\\user\\Documents\\amarImsfinal\\vendor\\laravel\\framework\\src\\Illuminate\\Foundation\\Bootstrap\\HandleExceptions.php(272): Illuminate\\Foundation\\Bootstrap\\HandleExceptions->handleError(8, 'tempnam(): file...', 'C:\\\\Users\\\\user\\\\D...', 208)
#1 [internal function]: Illuminate\\Foundation\\Bootstrap\\HandleExceptions->Illuminate\\Foundation\\Bootstrap\\{closure}(8, 'tempnam(): file...', 'C:\\\\Users\\\\user\\\\D...', 208)
#2 C:\\Users\\user\\Documents\\amarImsfinal\\vendor\\laravel\\framework\\src\\Illuminate\\Filesystem\\Filesystem.php(208): tempnam('C:\\\\Users\\\\user\\\\D...', 'packages.php')
#3 C:\\Users\\user\\Documents\\amarImsfinal\\vendor\\laravel\\framework\\src\\Illuminate\\Foundation\\PackageManifest.php(181): Illuminate\\Filesystem\\Filesystem->replace('C:\\\\Users\\\\user\\\\D...', '<?php return ar...')
#4 C:\\Users\\user\\Documents\\amarImsfinal\\vendor\\laravel\\framework\\src\\Illuminate\\Foundation\\PackageManifest.php(131): Illuminate\\Foundation\\PackageManifest->write(Array)
#5 C:\\Users\\user\\Documents\\amarImsfinal\\vendor\\laravel\\framework\\src\\Illuminate\\Foundation\\PackageManifest.php(107): Illuminate\\Foundation\\PackageManifest->build()
#6 C:\\Users\\user\\Documents\\amarImsfinal\\vendor\\laravel\\framework\\src\\Illuminate\\Foundation\\PackageManifest.php(90): Illuminate\\Foundation\\PackageManifest->getManifest()
#7 C:\\Users\\user\\Documents\\amarImsfinal\\vendor\\laravel\\framework\\src\\Illuminate\\Foundation\\PackageManifest.php(79): Illuminate\\Foundation\\PackageManifest->config('aliases')
#8 C:\\Users\\user\\Documents\\amarImsfinal\\vendor\\laravel\\framework\\src\\Illuminate\\Foundation\\Bootstrap\\RegisterFacades.php(26): Illuminate\\Foundation\\PackageManifest->aliases()
#9 C:\\Users\\user\\Documents\\amarImsfinal\\vendor\\laravel\\framework\\src\\Illuminate\\Foundation\\Application.php(265): Illuminate\\Foundation\\Bootstrap\\RegisterFacades->bootstrap(Object(Illuminate\\Foundation\\Application))
#10 C:\\Users\\user\\Documents\\amarImsfinal\\vendor\\laravel\\framework\\src\\Illuminate\\Foundation\\Console\\Kernel.php(383): Illuminate\\Foundation\\Application->bootstrapWith(Array)
#11 C:\\Users\\user\\Documents\\amarImsfinal\\vendor\\laravel\\framework\\src\\Illuminate\\Foundation\\Console\\Kernel.php(153): Illuminate\\Foundation\\Console\\Kernel->bootstrap()
#12 Command line code(1): Illuminate\\Foundation\\Console\\Kernel->handle(Object(Symfony\\Component\\Console\\Input\\ArgvInput), Object(Symfony\\Component\\Console\\Output\\ConsoleOutput))
#13 {main}
"} 
[2026-06-15 14:03:08] local.ERROR: tempnam(): file created in the system's temporary directory {"exception":"[object] (ErrorException(code: 0): tempnam(): file created in the system's temporary directory at C:\\Users\\user\\Documents\\amarImsfinal\\vendor\\laravel\\framework\\src\\Illuminate\\Filesystem\\Filesystem.php:208)
[stacktrace]
#0 C:\\Users\\user\\Documents\\amarImsfinal\\vendor\\laravel\\framework\\src\\Illuminate\\Foundation\\Bootstrap\\HandleExceptions.php(272): Illuminate\\Foundation\\Bootstrap\\HandleExceptions->handleError(8, 'tempnam(): file...', 'C:\\\\Users\\\\user\\\\D...', 208)
#1 [internal function]: Illuminate\\Foundation\\Bootstrap\\HandleExceptions->Illuminate\\Foundation\\Bootstrap\\{closure}(8, 'tempnam(): file...', 'C:\\\\Users\\\\user\\\\D...', 208)
#2 C:\\Users\\user\\Documents\\amarImsfinal\\vendor\\laravel\\framework\\src\\Illuminate\\Filesystem\\Filesystem.php(208): tempnam('C:\\\\Users\\\\user\\\\D...', 'packages.php')
#3 C:\\Users\\user\\Documents\\amarImsfinal\\vendor\\laravel\\framework\\src\\Illuminate\\Foundation\\PackageManifest.php(181): Illuminate\\Filesystem\\Filesystem->replace('C:\\\\Users\\\\user\\\\D...', '<?php return ar...')
#4 C:\\Users\\user\\Documents\\amarImsfinal\\vendor\\laravel\\framework\\src\\Illuminate\\Foundation\\PackageManifest.php(131): Illuminate\\Foundation\\PackageManifest->write(Array)
#5 C:\\Users\\user\\Documents\\amarImsfinal\\vendor\\laravel\\framework\\src\\Illuminate\\Foundation\\PackageManifest.php(107): Illuminate\\Foundation\\PackageManifest->build()
#6 C:\\Users\\user\\Documents\\amarImsfinal\\vendor\\laravel\\framework\\src\\Illuminate\\Foundation\\PackageManifest.php(90): Illuminate\\Foundation\\PackageManifest->getManifest()
#7 C:\\Users\\user\\Documents\\amarImsfinal\\vendor\\laravel\\framework\\src\\Illuminate\\Foundation\\PackageManifest.php(79): Illuminate\\Foundation\\PackageManifest->config('aliases')
#8 C:\\Users\\user\\Documents\\amarImsfinal\\vendor\\laravel\\framework\\src\\Illuminate\\Foundation\\Bootstrap\\RegisterFacades.php(26): Illuminate\\Foundation\\PackageManifest->aliases()
#9 C:\\Users\\user\\Documents\\amarImsfinal\\vendor\\laravel\\framework\\src\\Illuminate\\Foundation\\Application.php(265): Illuminate\\Foundation\\Bootstrap\\RegisterFacades->bootstrap(Object(Illuminate\\Foundation\\Application))
#10 C:\\Users\\user\\Documents\\amarImsfinal\\vendor\\laravel\\framework\\src\\Illuminate\\Foundation\\Console\\Kernel.php(383): Illuminate\\Foundation\\Application->bootstrapWith(Array)
#11 C:\\Users\\user\\Documents\\amarImsfinal\\vendor\\laravel\\framework\\src\\Illuminate\\Foundation\\Console\\Kernel.php(153): Illuminate\\Foundation\\Console\\Kernel->bootstrap()
#12 Command line code(1): Illuminate\\Foundation\\Console\\Kernel->handle(Object(Symfony\\Component\\Console\\Input\\ArgvInput), Object(Symfony\\Component\\Console\\Output\\ConsoleOutput))
#13 {main}
"} 
[2026-06-15 14:03:27] local.ERROR: tempnam(): file created in the system's temporary directory {"exception":"[object] (ErrorException(code: 0): tempnam(): file created in the system's temporary directory at C:\\Users\\user\\Documents\\amarImsfinal\\vendor\\laravel\\framework\\src\\Illuminate\\Filesystem\\Filesystem.php:208)
[stacktrace]
#0 C:\\Users\\user\\Documents\\amarImsfinal\\vendor\\laravel\\framework\\src\\Illuminate\\Foundation\\Bootstrap\\HandleExceptions.php(272): Illuminate\\Foundation\\Bootstrap\\HandleExceptions->handleError(8, 'tempnam(): file...', 'C:\\\\Users\\\\user\\\\D...', 208)
#1 [internal function]: Illuminate\\Foundation\\Bootstrap\\HandleExceptions->Illuminate\\Foundation\\Bootstrap\\{closure}(8, 'tempnam(): file...', 'C:\\\\Users\\\\user\\\\D...', 208)
#2 C:\\Users\\user\\Documents\\amarImsfinal\\vendor\\laravel\\framework\\src\\Illuminate\\Filesystem\\Filesystem.php(208): tempnam('C:\\\\Users\\\\user\\\\D...', 'packages.php')
#3 C:\\Users\\user\\Documents\\amarImsfinal\\vendor\\laravel\\framework\\src\\Illuminate\\Foundation\\PackageManifest.php(181): Illuminate\\Filesystem\\Filesystem->replace('C:\\\\Users\\\\user\\\\D...', '<?php return ar...')
#4 C:\\Users\\user\\Documents\\amarImsfinal\\vendor\\laravel\\framework\\src\\Illuminate\\Foundation\\PackageManifest.php(131): Illuminate\\Foundation\\PackageManifest->write(Array)
#5 C:\\Users\\user\\Documents\\amarImsfinal\\vendor\\laravel\\framework\\src\\Illuminate\\Foundation\\PackageManifest.php(107): Illuminate\\Foundation\\PackageManifest->build()
#6 C:\\Users\\user\\Documents\\amarImsfinal\\vendor\\laravel\\framework\\src\\Illuminate\\Foundation\\PackageManifest.php(90): Illuminate\\Foundation\\PackageManifest->getManifest()
#7 C:\\Users\\user\\Documents\\amarImsfinal\\vendor\\laravel\\framework\\src\\Illuminate\\Foundation\\PackageManifest.php(79): Illuminate\\Foundation\\PackageManifest->config('aliases')
#8 C:\\Users\\user\\Documents\\amarImsfinal\\vendor\\laravel\\framework\\src\\Illuminate\\Foundation\\Bootstrap\\RegisterFacades.php(26): Illuminate\\Foundation\\PackageManifest->aliases()
#9 C:\\Users\\user\\Documents\\amarImsfinal\\vendor\\laravel\\framework\\src\\Illuminate\\Foundation\\Application.php(265): Illuminate\\Foundation\\Bootstrap\\RegisterFacades->bootstrap(Object(Illuminate\\Foundation\\Application))
#10 C:\\Users\\user\\Documents\\amarImsfinal\\vendor\\laravel\\framework\\src\\Illuminate\\Foundation\\Console\\Kernel.php(383): Illuminate\\Foundation\\Application->bootstrapWith(Array)
#11 C:\\Users\\user\\Documents\\amarImsfinal\\vendor\\laravel\\framework\\src\\Illuminate\\Foundation\\Console\\Kernel.php(153): Illuminate\\Foundation\\Console\\Kernel->bootstrap()
#12 C:\\Users\\user\\Documents\\amarImsfinal\\artisan(35): Illuminate\\Foundation\\Console\\Kernel->handle(Object(Symfony\\Component\\Console\\Input\\ArgvInput), Object(Symfony\\Component\\Console\\Output\\ConsoleOutput))
#13 {main}
"} 
[2026-06-15 14:04:08] local.ERROR: tempnam(): file created in the system's temporary directory {"exception":"[object] (ErrorException(code: 0): tempnam(): file created in the system's temporary directory at C:\\Users\\user\\Documents\\amarImsfinal\\vendor\\laravel\\framework\\src\\Illuminate\\Filesystem\\Filesystem.php:208)
[stacktrace]
#0 C:\\Users\\user\\Documents\\amarImsfinal\\vendor\\laravel\\framework\\src\\Illuminate\\Foundation\\Bootstrap\\HandleExceptions.php(272): Illuminate\\Foundation\\Bootstrap\\HandleExceptions->handleError(8, 'tempnam(): file...', 'C:\\\\Users\\\\user\\\\D...', 208)
#1 [internal function]: Illuminate\\Foundation\\Bootstrap\\HandleExceptions->Illuminate\\Foundation\\Bootstrap\\{closure}(8, 'tempnam(): file...', 'C:\\\\Users\\\\user\\\\D...', 208)
#2 C:\\Users\\user\\Documents\\amarImsfinal\\vendor\\laravel\\framework\\src\\Illuminate\\Filesystem\\Filesystem.php(208): tempnam('C:\\\\Users\\\\user\\\\D...', 'packages.php')
#3 C:\\Users\\user\\Documents\\amarImsfinal\\vendor\\laravel\\framework\\src\\Illuminate\\Foundation\\PackageManifest.php(181): Illuminate\\Filesystem\\Filesystem->replace('C:\\\\Users\\\\user\\\\D...', '<?php return ar...')
#4 C:\\Users\\user\\Documents\\amarImsfinal\\vendor\\laravel\\framework\\src\\Illuminate\\Foundation\\PackageManifest.php(131): Illuminate\\Foundation\\PackageManifest->write(Array)
#5 C:\\Users\\user\\Documents\\amarImsfinal\\vendor\\laravel\\framework\\src\\Illuminate\\Foundation\\PackageManifest.php(107): Illuminate\\Foundation\\PackageManifest->build()
#6 C:\\Users\\user\\Documents\\amarImsfinal\\vendor\\laravel\\framework\\src\\Illuminate\\Foundation\\PackageManifest.php(90): Illuminate\\Foundation\\PackageManifest->getManifest()
#7 C:\\Users\\user\\Documents\\amarImsfinal\\vendor\\laravel\\framework\\src\\Illuminate\\Foundation\\PackageManifest.php(79): Illuminate\\Foundation\\PackageManifest->config('aliases')
#8 C:\\Users\\user\\Documents\\amarImsfinal\\vendor\\laravel\\framework\\src\\Illuminate\\Foundation\\Bootstrap\\RegisterFacades.php(26): Illuminate\\Foundation\\PackageManifest->aliases()
#9 C:\\Users\\user\\Documents\\amarImsfinal\\vendor\\laravel\\framework\\src\\Illuminate\\Foundation\\Application.php(265): Illuminate\\Foundation\\Bootstrap\\RegisterFacades->bootstrap(Object(Illuminate\\Foundation\\Application))
#10 C:\\Users\\user\\Documents\\amarImsfinal\\vendor\\laravel\\framework\\src\\Illuminate\\Foundation\\Console\\Kernel.php(383): Illuminate\\Foundation\\Application->bootstrapWith(Array)
#11 C:\\Users\\user\\Documents\\amarImsfinal\\vendor\\laravel\\framework\\src\\Illuminate\\Foundation\\Console\\Kernel.php(153): Illuminate\\Foundation\\Console\\Kernel->bootstrap()
#12 Command line code(1): Illuminate\\Foundation\\Console\\Kernel->handle(Object(Symfony\\Component\\Console\\Input\\ArgvInput), Object(Symfony\\Component\\Console\\Output\\ConsoleOutput))
#13 {main}
"} 
[2026-06-15 14:04:08] local.ERROR: tempnam(): file created in the system's temporary directory {"exception":"[object] (ErrorException(code: 0): tempnam(): file created in the system's temporary directory at C:\\Users\\user\\Documents\\amarImsfinal\\vendor\\laravel\\framework\\src\\Illuminate\\Filesystem\\Filesystem.php:208)
[stacktrace]
#0 C:\\Users\\user\\Documents\\amarImsfinal\\vendor\\laravel\\framework\\src\\Illuminate\\Foundation\\Bootstrap\\HandleExceptions.php(272): Illuminate\\Foundation\\Bootstrap\\HandleExceptions->handleError(8, 'tempnam(): file...', 'C:\\\\Users\\\\user\\\\D...', 208)
#1 [internal function]: Illuminate\\Foundation\\Bootstrap\\HandleExceptions->Illuminate\\Foundation\\Bootstrap\\{closure}(8, 'tempnam(): file...', 'C:\\\\Users\\\\user\\\\D...', 208)
#2 C:\\Users\\user\\Documents\\amarImsfinal\\vendor\\laravel\\framework\\src\\Illuminate\\Filesystem\\Filesystem.php(208): tempnam('C:\\\\Users\\\\user\\\\D...', 'packages.php')
#3 C:\\Users\\user\\Documents\\amarImsfinal\\vendor\\laravel\\framework\\src\\Illuminate\\Foundation\\PackageManifest.php(181): Illuminate\\Filesystem\\Filesystem->replace('C:\\\\Users\\\\user\\\\D...', '<?php return ar...')
#4 C:\\Users\\user\\Documents\\amarImsfinal\\vendor\\laravel\\framework\\src\\Illuminate\\Foundation\\PackageManifest.php(131): Illuminate\\Foundation\\PackageManifest->write(Array)
#5 C:\\Users\\user\\Documents\\amarImsfinal\\vendor\\laravel\\framework\\src\\Illuminate\\Foundation\\PackageManifest.php(107): Illuminate\\Foundation\\PackageManifest->build()
#6 C:\\Users\\user\\Documents\\amarImsfinal\\vendor\\laravel\\framework\\src\\Illuminate\\Foundation\\PackageManifest.php(90): Illuminate\\Foundation\\PackageManifest->getManifest()
#7 C:\\Users\\user\\Documents\\amarImsfinal\\vendor\\laravel\\framework\\src\\Illuminate\\Foundation\\PackageManifest.php(79): Illuminate\\Foundation\\PackageManifest->config('aliases')
#8 C:\\Users\\user\\Documents\\amarImsfinal\\vendor\\laravel\\framework\\src\\Illuminate\\Foundation\\Bootstrap\\RegisterFacades.php(26): Illuminate\\Foundation\\PackageManifest->aliases()
#9 C:\\Users\\user\\Documents\\amarImsfinal\\vendor\\laravel\\framework\\src\\Illuminate\\Foundation\\Application.php(265): Illuminate\\Foundation\\Bootstrap\\RegisterFacades->bootstrap(Object(Illuminate\\Foundation\\Application))
#10 C:\\Users\\user\\Documents\\amarImsfinal\\vendor\\laravel\\framework\\src\\Illuminate\\Foundation\\Console\\Kernel.php(383): Illuminate\\Foundation\\Application->bootstrapWith(Array)
#11 C:\\Users\\user\\Documents\\amarImsfinal\\vendor\\laravel\\framework\\src\\Illuminate\\Foundation\\Console\\Kernel.php(153): Illuminate\\Foundation\\Console\\Kernel->bootstrap()
#12 Command line code(1): Illuminate\\Foundation\\Console\\Kernel->handle(Object(Symfony\\Component\\Console\\Input\\ArgvInput), Object(Symfony\\Component\\Console\\Output\\ConsoleOutput))
#13 {main}
"} 
[2026-06-15 14:05:08] local.ERROR: tempnam(): file created in the system's temporary directory {"exception":"[object] (ErrorException(code: 0): tempnam(): file created in the system's temporary directory at C:\\Users\\user\\Documents\\amarImsfinal\\vendor\\laravel\\framework\\src\\Illuminate\\Filesystem\\Filesystem.php:208)
[stacktrace]
#0 C:\\Users\\user\\Documents\\amarImsfinal\\vendor\\laravel\\framework\\src\\Illuminate\\Foundation\\Bootstrap\\HandleExceptions.php(272): Illuminate\\Foundation\\Bootstrap\\HandleExceptions->handleError(8, 'tempnam(): file...', 'C:\\\\Users\\\\user\\\\D...', 208)
#1 [internal function]: Illuminate\\Foundation\\Bootstrap\\HandleExceptions->Illuminate\\Foundation\\Bootstrap\\{closure}(8, 'tempnam(): file...', 'C:\\\\Users\\\\user\\\\D...', 208)
#2 C:\\Users\\user\\Documents\\amarImsfinal\\vendor\\laravel\\framework\\src\\Illuminate\\Filesystem\\Filesystem.php(208): tempnam('C:\\\\Users\\\\user\\\\D...', 'packages.php')
#3 C:\\Users\\user\\Documents\\amarImsfinal\\vendor\\laravel\\framework\\src\\Illuminate\\Foundation\\PackageManifest.php(181): Illuminate\\Filesystem\\Filesystem->replace('C:\\\\Users\\\\user\\\\D...', '<?php return ar...')
#4 C:\\Users\\user\\Documents\\amarImsfinal\\vendor\\laravel\\framework\\src\\Illuminate\\Foundation\\PackageManifest.php(131): Illuminate\\Foundation\\PackageManifest->write(Array)
#5 C:\\Users\\user\\Documents\\amarImsfinal\\vendor\\laravel\\framework\\src\\Illuminate\\Foundation\\PackageManifest.php(107): Illuminate\\Foundation\\PackageManifest->build()
#6 C:\\Users\\user\\Documents\\amarImsfinal\\vendor\\laravel\\framework\\src\\Illuminate\\Foundation\\PackageManifest.php(90): Illuminate\\Foundation\\PackageManifest->getManifest()
#7 C:\\Users\\user\\Documents\\amarImsfinal\\vendor\\laravel\\framework\\src\\Illuminate\\Foundation\\PackageManifest.php(79): Illuminate\\Foundation\\PackageManifest->config('aliases')
#8 C:\\Users\\user\\Documents\\amarImsfinal\\vendor\\laravel\\framework\\src\\Illuminate\\Foundation\\Bootstrap\\RegisterFacades.php(26): Illuminate\\Foundation\\PackageManifest->aliases()
#9 C:\\Users\\user\\Documents\\amarImsfinal\\vendor\\laravel\\framework\\src\\Illuminate\\Foundation\\Application.php(265): Illuminate\\Foundation\\Bootstrap\\RegisterFacades->bootstrap(Object(Illuminate\\Foundation\\Application))
#10 C:\\Users\\user\\Documents\\amarImsfinal\\vendor\\laravel\\framework\\src\\Illuminate\\Foundation\\Console\\Kernel.php(383): Illuminate\\Foundation\\Application->bootstrapWith(Array)
#11 C:\\Users\\user\\Documents\\amarImsfinal\\vendor\\laravel\\framework\\src\\Illuminate\\Foundation\\Console\\Kernel.php(153): Illuminate\\Foundation\\Console\\Kernel->bootstrap()
#12 Command line code(1): Illuminate\\Foundation\\Console\\Kernel->handle(Object(Symfony\\Component\\Console\\Input\\ArgvInput), Object(Symfony\\Component\\Console\\Output\\ConsoleOutput))
#13 {main}
"} 
[2026-06-15 14:05:08] local.ERROR: tempnam(): file created in the system's temporary directory {"exception":"[object] (ErrorException(code: 0): tempnam(): file created in the system's temporary directory at C:\\Users\\user\\Documents\\amarImsfinal\\vendor\\laravel\\framework\\src\\Illuminate\\Filesystem\\Filesystem.php:208)
[stacktrace]
#0 C:\\Users\\user\\Documents\\amarImsfinal\\vendor\\laravel\\framework\\src\\Illuminate\\Foundation\\Bootstrap\\HandleExceptions.php(272): Illuminate\\Foundation\\Bootstrap\\HandleExceptions->handleError(8, 'tempnam(): file...', 'C:\\\\Users\\\\user\\\\D...', 208)
#1 [internal function]: Illuminate\\Foundation\\Bootstrap\\HandleExceptions->Illuminate\\Foundation\\Bootstrap\\{closure}(8, 'tempnam(): file...', 'C:\\\\Users\\\\user\\\\D...', 208)
#2 C:\\Users\\user\\Documents\\amarImsfinal\\vendor\\laravel\\framework\\src\\Illuminate\\Filesystem\\Filesystem.php(208): tempnam('C:\\\\Users\\\\user\\\\D...', 'packages.php')
#3 C:\\Users\\user\\Documents\\amarImsfinal\\vendor\\laravel\\framework\\src\\Illuminate\\Foundation\\PackageManifest.php(181): Illuminate\\Filesystem\\Filesystem->replace('C:\\\\Users\\\\user\\\\D...', '<?php return ar...')
#4 C:\\Users\\user\\Documents\\amarImsfinal\\vendor\\laravel\\framework\\src\\Illuminate\\Foundation\\PackageManifest.php(131): Illuminate\\Foundation\\PackageManifest->write(Array)
#5 C:\\Users\\user\\Documents\\amarImsfinal\\vendor\\laravel\\framework\\src\\Illuminate\\Foundation\\PackageManifest.php(107): Illuminate\\Foundation\\PackageManifest->build()
#6 C:\\Users\\user\\Documents\\amarImsfinal\\vendor\\laravel\\framework\\src\\Illuminate\\Foundation\\PackageManifest.php(90): Illuminate\\Foundation\\PackageManifest->getManifest()
#7 C:\\Users\\user\\Documents\\amarImsfinal\\vendor\\laravel\\framework\\src\\Illuminate\\Foundation\\PackageManifest.php(79): Illuminate\\Foundation\\PackageManifest->config('aliases')
#8 C:\\Users\\user\\Documents\\amarImsfinal\\vendor\\laravel\\framework\\src\\Illuminate\\Foundation\\Bootstrap\\RegisterFacades.php(26): Illuminate\\Foundation\\PackageManifest->aliases()
#9 C:\\Users\\user\\Documents\\amarImsfinal\\vendor\\laravel\\framework\\src\\Illuminate\\Foundation\\Application.php(265): Illuminate\\Foundation\\Bootstrap\\RegisterFacades->bootstrap(Object(Illuminate\\Foundation\\Application))
#10 C:\\Users\\user\\Documents\\amarImsfinal\\vendor\\laravel\\framework\\src\\Illuminate\\Foundation\\Console\\Kernel.php(383): Illuminate\\Foundation\\Application->bootstrapWith(Array)
#11 C:\\Users\\user\\Documents\\amarImsfinal\\vendor\\laravel\\framework\\src\\Illuminate\\Foundation\\Console\\Kernel.php(153): Illuminate\\Foundation\\Console\\Kernel->bootstrap()
#12 Command line code(1): Illuminate\\Foundation\\Console\\Kernel->handle(Object(Symfony\\Component\\Console\\Input\\ArgvInput), Object(Symfony\\Component\\Console\\Output\\ConsoleOutput))
#13 {main}
"} 
[2026-06-15 14:05:11] local.ERROR: tempnam(): file created in the system's temporary directory {"exception":"[object] (ErrorException(code: 0): tempnam(): file created in the system's temporary directory at C:\\Users\\user\\Documents\\amarImsfinal\\vendor\\laravel\\framework\\src\\Illuminate\\Filesystem\\Filesystem.php:208)
[stacktrace]
#0 C:\\Users\\user\\Documents\\amarImsfinal\\vendor\\laravel\\framework\\src\\Illuminate\\Foundation\\Bootstrap\\HandleExceptions.php(272): Illuminate\\Foundation\\Bootstrap\\HandleExceptions->handleError(8, 'tempnam(): file...', 'C:\\\\Users\\\\user\\\\D...', 208)
#1 [internal function]: Illuminate\\Foundation\\Bootstrap\\HandleExceptions->Illuminate\\Foundation\\Bootstrap\\{closure}(8, 'tempnam(): file...', 'C:\\\\Users\\\\user\\\\D...', 208)
#2 C:\\Users\\user\\Documents\\amarImsfinal\\vendor\\laravel\\framework\\src\\Illuminate\\Filesystem\\Filesystem.php(208): tempnam('C:\\\\Users\\\\user\\\\D...', 'packages.php')
#3 C:\\Users\\user\\Documents\\amarImsfinal\\vendor\\laravel\\framework\\src\\Illuminate\\Foundation\\PackageManifest.php(181): Illuminate\\Filesystem\\Filesystem->replace('C:\\\\Users\\\\user\\\\D...', '<?php return ar...')
#4 C:\\Users\\user\\Documents\\amarImsfinal\\vendor\\laravel\\framework\\src\\Illuminate\\Foundation\\PackageManifest.php(131): Illuminate\\Foundation\\PackageManifest->write(Array)
#5 C:\\Users\\user\\Documents\\amarImsfinal\\vendor\\laravel\\framework\\src\\Illuminate\\Foundation\\PackageManifest.php(107): Illuminate\\Foundation\\PackageManifest->build()
#6 C:\\Users\\user\\Documents\\amarImsfinal\\vendor\\laravel\\framework\\src\\Illuminate\\Foundation\\PackageManifest.php(90): Illuminate\\Foundation\\PackageManifest->getManifest()
#7 C:\\Users\\user\\Documents\\amarImsfinal\\vendor\\laravel\\framework\\src\\Illuminate\\Foundation\\PackageManifest.php(79): Illuminate\\Foundation\\PackageManifest->config('aliases')
#8 C:\\Users\\user\\Documents\\amarImsfinal\\vendor\\laravel\\framework\\src\\Illuminate\\Foundation\\Bootstrap\\RegisterFacades.php(26): Illuminate\\Foundation\\PackageManifest->aliases()
#9 C:\\Users\\user\\Documents\\amarImsfinal\\vendor\\laravel\\framework\\src\\Illuminate\\Foundation\\Application.php(265): Illuminate\\Foundation\\Bootstrap\\RegisterFacades->bootstrap(Object(Illuminate\\Foundation\\Application))
#10 C:\\Users\\user\\Documents\\amarImsfinal\\vendor\\laravel\\framework\\src\\Illuminate\\Foundation\\Console\\Kernel.php(383): Illuminate\\Foundation\\Application->bootstrapWith(Array)
#11 C:\\Users\\user\\Documents\\amarImsfinal\\vendor\\laravel\\framework\\src\\Illuminate\\Foundation\\Console\\Kernel.php(153): Illuminate\\Foundation\\Console\\Kernel->bootstrap()
#12 C:\\Users\\user\\Documents\\amarImsfinal\\artisan(35): Illuminate\\Foundation\\Console\\Kernel->handle(Object(Symfony\\Component\\Console\\Input\\ArgvInput), Object(Symfony\\Component\\Console\\Output\\ConsoleOutput))
#13 {main}
"} 
[2026-06-15 14:06:08] local.ERROR: tempnam(): file created in the system's temporary directory {"exception":"[object] (ErrorException(code: 0): tempnam(): file created in the system's temporary directory at C:\\Users\\user\\Documents\\amarImsfinal\\vendor\\laravel\\framework\\src\\Illuminate\\Filesystem\\Filesystem.php:208)
[stacktrace]
#0 C:\\Users\\user\\Documents\\amarImsfinal\\vendor\\laravel\\framework\\src\\Illuminate\\Foundation\\Bootstrap\\HandleExceptions.php(272): Illuminate\\Foundation\\Bootstrap\\HandleExceptions->handleError(8, 'tempnam(): file...', 'C:\\\\Users\\\\user\\\\D...', 208)
#1 [internal function]: Illuminate\\Foundation\\Bootstrap\\HandleExceptions->Illuminate\\Foundation\\Bootstrap\\{closure}(8, 'tempnam(): file...', 'C:\\\\Users\\\\user\\\\D...', 208)
#2 C:\\Users\\user\\Documents\\amarImsfinal\\vendor\\laravel\\framework\\src\\Illuminate\\Filesystem\\Filesystem.php(208): tempnam('C:\\\\Users\\\\user\\\\D...', 'packages.php')
#3 C:\\Users\\user\\Documents\\amarImsfinal\\vendor\\laravel\\framework\\src\\Illuminate\\Foundation\\PackageManifest.php(181): Illuminate\\Filesystem\\Filesystem->replace('C:\\\\Users\\\\user\\\\D...', '<?php return ar...')
#4 C:\\Users\\user\\Documents\\amarImsfinal\\vendor\\laravel\\framework\\src\\Illuminate\\Foundation\\PackageManifest.php(131): Illuminate\\Foundation\\PackageManifest->write(Array)
#5 C:\\Users\\user\\Documents\\amarImsfinal\\vendor\\laravel\\framework\\src\\Illuminate\\Foundation\\PackageManifest.php(107): Illuminate\\Foundation\\PackageManifest->build()
#6 C:\\Users\\user\\Documents\\amarImsfinal\\vendor\\laravel\\framework\\src\\Illuminate\\Foundation\\PackageManifest.php(90): Illuminate\\Foundation\\PackageManifest->getManifest()
#7 C:\\Users\\user\\Documents\\amarImsfinal\\vendor\\laravel\\framework\\src\\Illuminate\\Foundation\\PackageManifest.php(79): Illuminate\\Foundation\\PackageManifest->config('aliases')
#8 C:\\Users\\user\\Documents\\amarImsfinal\\vendor\\laravel\\framework\\src\\Illuminate\\Foundation\\Bootstrap\\RegisterFacades.php(26): Illuminate\\Foundation\\PackageManifest->aliases()
#9 C:\\Users\\user\\Documents\\amarImsfinal\\vendor\\laravel\\framework\\src\\Illuminate\\Foundation\\Application.php(265): Illuminate\\Foundation\\Bootstrap\\RegisterFacades->bootstrap(Object(Illuminate\\Foundation\\Application))
#10 C:\\Users\\user\\Documents\\amarImsfinal\\vendor\\laravel\\framework\\src\\Illuminate\\Foundation\\Console\\Kernel.php(383): Illuminate\\Foundation\\Application->bootstrapWith(Array)
#11 C:\\Users\\user\\Documents\\amarImsfinal\\vendor\\laravel\\framework\\src\\Illuminate\\Foundation\\Console\\Kernel.php(153): Illuminate\\Foundation\\Console\\Kernel->bootstrap()
#12 Command line code(1): Illuminate\\Foundation\\Console\\Kernel->handle(Object(Symfony\\Component\\Console\\Input\\ArgvInput), Object(Symfony\\Component\\Console\\Output\\ConsoleOutput))
#13 {main}
"} 
[2026-06-15 14:06:08] local.ERROR: tempnam(): file created in the system's temporary directory {"exception":"[object] (ErrorException(code: 0): tempnam(): file created in the system's temporary directory at C:\\Users\\user\\Documents\\amarImsfinal\\vendor\\laravel\\framework\\src\\Illuminate\\Filesystem\\Filesystem.php:208)
[stacktrace]
#0 C:\\Users\\user\\Documents\\amarImsfinal\\vendor\\laravel\\framework\\src\\Illuminate\\Foundation\\Bootstrap\\HandleExceptions.php(272): Illuminate\\Foundation\\Bootstrap\\HandleExceptions->handleError(8, 'tempnam(): file...', 'C:\\\\Users\\\\user\\\\D...', 208)
#1 [internal function]: Illuminate\\Foundation\\Bootstrap\\HandleExceptions->Illuminate\\Foundation\\Bootstrap\\{closure}(8, 'tempnam(): file...', 'C:\\\\Users\\\\user\\\\D...', 208)
#2 C:\\Users\\user\\Documents\\amarImsfinal\\vendor\\laravel\\framework\\src\\Illuminate\\Filesystem\\Filesystem.php(208): tempnam('C:\\\\Users\\\\user\\\\D...', 'packages.php')
#3 C:\\Users\\user\\Documents\\amarImsfinal\\vendor\\laravel\\framework\\src\\Illuminate\\Foundation\\PackageManifest.php(181): Illuminate\\Filesystem\\Filesystem->replace('C:\\\\Users\\\\user\\\\D...', '<?php return ar...')
#4 C:\\Users\\user\\Documents\\amarImsfinal\\vendor\\laravel\\framework\\src\\Illuminate\\Foundation\\PackageManifest.php(131): Illuminate\\Foundation\\PackageManifest->write(Array)
#5 C:\\Users\\user\\Documents\\amarImsfinal\\vendor\\laravel\\framework\\src\\Illuminate\\Foundation\\PackageManifest.php(107): Illuminate\\Foundation\\PackageManifest->build()
#6 C:\\Users\\user\\Documents\\amarImsfinal\\vendor\\laravel\\framework\\src\\Illuminate\\Foundation\\PackageManifest.php(90): Illuminate\\Foundation\\PackageManifest->getManifest()
#7 C:\\Users\\user\\Documents\\amarImsfinal\\vendor\\laravel\\framework\\src\\Illuminate\\Foundation\\PackageManifest.php(79): Illuminate\\Foundation\\PackageManifest->config('aliases')
#8 C:\\Users\\user\\Documents\\amarImsfinal\\vendor\\laravel\\framework\\src\\Illuminate\\Foundation\\Bootstrap\\RegisterFacades.php(26): Illuminate\\Foundation\\PackageManifest->aliases()
#9 C:\\Users\\user\\Documents\\amarImsfinal\\vendor\\laravel\\framework\\src\\Illuminate\\Foundation\\Application.php(265): Illuminate\\Foundation\\Bootstrap\\RegisterFacades->bootstrap(Object(Illuminate\\Foundation\\Application))
#10 C:\\Users\\user\\Documents\\amarImsfinal\\vendor\\laravel\\framework\\src\\Illuminate\\Foundation\\Console\\Kernel.php(383): Illuminate\\Foundation\\Application->bootstrapWith(Array)
#11 C:\\Users\\user\\Documents\\amarImsfinal\\vendor\\laravel\\framework\\src\\Illuminate\\Foundation\\Console\\Kernel.php(153): Illuminate\\Foundation\\Console\\Kernel->bootstrap()
#12 Command line code(1): Illuminate\\Foundation\\Console\\Kernel->handle(Object(Symfony\\Component\\Console\\Input\\ArgvInput), Object(Symfony\\Component\\Console\\Output\\ConsoleOutput))
#13 {main}
"} 
[2026-06-15 14:07:08] local.ERROR: tempnam(): file created in the system's temporary directory {"exception":"[object] (ErrorException(code: 0): tempnam(): file created in the system's temporary directory at C:\\Users\\user\\Documents\\amarImsfinal\\vendor\\laravel\\framework\\src\\Illuminate\\Filesystem\\Filesystem.php:208)
[stacktrace]
#0 C:\\Users\\user\\Documents\\amarImsfinal\\vendor\\laravel\\framework\\src\\Illuminate\\Foundation\\Bootstrap\\HandleExceptions.php(272): Illuminate\\Foundation\\Bootstrap\\HandleExceptions->handleError(8, 'tempnam(): file...', 'C:\\\\Users\\\\user\\\\D...', 208)
#1 [internal function]: Illuminate\\Foundation\\Bootstrap\\HandleExceptions->Illuminate\\Foundation\\Bootstrap\\{closure}(8, 'tempnam(): file...', 'C:\\\\Users\\\\user\\\\D...', 208)
#2 C:\\Users\\user\\Documents\\amarImsfinal\\vendor\\laravel\\framework\\src\\Illuminate\\Filesystem\\Filesystem.php(208): tempnam('C:\\\\Users\\\\user\\\\D...', 'packages.php')
#3 C:\\Users\\user\\Documents\\amarImsfinal\\vendor\\laravel\\framework\\src\\Illuminate\\Foundation\\PackageManifest.php(181): Illuminate\\Filesystem\\Filesystem->replace('C:\\\\Users\\\\user\\\\D...', '<?php return ar...')
#4 C:\\Users\\user\\Documents\\amarImsfinal\\vendor\\laravel\\framework\\src\\Illuminate\\Foundation\\PackageManifest.php(131): Illuminate\\Foundation\\PackageManifest->write(Array)
#5 C:\\Users\\user\\Documents\\amarImsfinal\\vendor\\laravel\\framework\\src\\Illuminate\\Foundation\\PackageManifest.php(107): Illuminate\\Foundation\\PackageManifest->build()
#6 C:\\Users\\user\\Documents\\amarImsfinal\\vendor\\laravel\\framework\\src\\Illuminate\\Foundation\\PackageManifest.php(90): Illuminate\\Foundation\\PackageManifest->getManifest()
#7 C:\\Users\\user\\Documents\\amarImsfinal\\vendor\\laravel\\framework\\src\\Illuminate\\Foundation\\PackageManifest.php(79): Illuminate\\Foundation\\PackageManifest->config('aliases')
#8 C:\\Users\\user\\Documents\\amarImsfinal\\vendor\\laravel\\framework\\src\\Illuminate\\Foundation\\Bootstrap\\RegisterFacades.php(26): Illuminate\\Foundation\\PackageManifest->aliases()
#9 C:\\Users\\user\\Documents\\amarImsfinal\\vendor\\laravel\\framework\\src\\Illuminate\\Foundation\\Application.php(265): Illuminate\\Foundation\\Bootstrap\\RegisterFacades->bootstrap(Object(Illuminate\\Foundation\\Application))
#10 C:\\Users\\user\\Documents\\amarImsfinal\\vendor\\laravel\\framework\\src\\Illuminate\\Foundation\\Console\\Kernel.php(383): Illuminate\\Foundation\\Application->bootstrapWith(Array)
#11 C:\\Users\\user\\Documents\\amarImsfinal\\vendor\\laravel\\framework\\src\\Illuminate\\Foundation\\Console\\Kernel.php(153): Illuminate\\Foundation\\Console\\Kernel->bootstrap()
#12 Command line code(1): Illuminate\\Foundation\\Console\\Kernel->handle(Object(Symfony\\Component\\Console\\Input\\ArgvInput), Object(Symfony\\Component\\Console\\Output\\ConsoleOutput))
#13 {main}
"} 
[2026-06-15 14:07:08] local.ERROR: tempnam(): file created in the system's temporary directory {"exception":"[object] (ErrorException(code: 0): tempnam(): file created in the system's temporary directory at C:\\Users\\user\\Documents\\amarImsfinal\\vendor\\laravel\\framework\\src\\Illuminate\\Filesystem\\Filesystem.php:208)
[stacktrace]
#0 C:\\Users\\user\\Documents\\amarImsfinal\\vendor\\laravel\\framework\\src\\Illuminate\\Foundation\\Bootstrap\\HandleExceptions.php(272): Illuminate\\Foundation\\Bootstrap\\HandleExceptions->handleError(8, 'tempnam(): file...', 'C:\\\\Users\\\\user\\\\D...', 208)
#1 [internal function]: Illuminate\\Foundation\\Bootstrap\\HandleExceptions->Illuminate\\Foundation\\Bootstrap\\{closure}(8, 'tempnam(): file...', 'C:\\\\Users\\\\user\\\\D...', 208)
#2 C:\\Users\\user\\Documents\\amarImsfinal\\vendor\\laravel\\framework\\src\\Illuminate\\Filesystem\\Filesystem.php(208): tempnam('C:\\\\Users\\\\user\\\\D...', 'packages.php')
#3 C:\\Users\\user\\Documents\\amarImsfinal\\vendor\\laravel\\framework\\src\\Illuminate\\Foundation\\PackageManifest.php(181): Illuminate\\Filesystem\\Filesystem->replace('C:\\\\Users\\\\user\\\\D...', '<?php return ar...')
#4 C:\\Users\\user\\Documents\\amarImsfinal\\vendor\\laravel\\framework\\src\\Illuminate\\Foundation\\PackageManifest.php(131): Illuminate\\Foundation\\PackageManifest->write(Array)
#5 C:\\Users\\user\\Documents\\amarImsfinal\\vendor\\laravel\\framework\\src\\Illuminate\\Foundation\\PackageManifest.php(107): Illuminate\\Foundation\\PackageManifest->build()
#6 C:\\Users\\user\\Documents\\amarImsfinal\\vendor\\laravel\\framework\\src\\Illuminate\\Foundation\\PackageManifest.php(90): Illuminate\\Foundation\\PackageManifest->getManifest()
#7 C:\\Users\\user\\Documents\\amarImsfinal\\vendor\\laravel\\framework\\src\\Illuminate\\Foundation\\PackageManifest.php(79): Illuminate\\Foundation\\PackageManifest->config('aliases')
#8 C:\\Users\\user\\Documents\\amarImsfinal\\vendor\\laravel\\framework\\src\\Illuminate\\Foundation\\Bootstrap\\RegisterFacades.php(26): Illuminate\\Foundation\\PackageManifest->aliases()
#9 C:\\Users\\user\\Documents\\amarImsfinal\\vendor\\laravel\\framework\\src\\Illuminate\\Foundation\\Application.php(265): Illuminate\\Foundation\\Bootstrap\\RegisterFacades->bootstrap(Object(Illuminate\\Foundation\\Application))
#10 C:\\Users\\user\\Documents\\amarImsfinal\\vendor\\laravel\\framework\\src\\Illuminate\\Foundation\\Console\\Kernel.php(383): Illuminate\\Foundation\\Application->bootstrapWith(Array)
#11 C:\\Users\\user\\Documents\\amarImsfinal\\vendor\\laravel\\framework\\src\\Illuminate\\Foundation\\Console\\Kernel.php(153): Illuminate\\Foundation\\Console\\Kernel->bootstrap()
#12 Command line code(1): Illuminate\\Foundation\\Console\\Kernel->handle(Object(Symfony\\Component\\Console\\Input\\ArgvInput), Object(Symfony\\Component\\Console\\Output\\ConsoleOutput))
#13 {main}
"} 
[2026-06-15 14:08:08] local.ERROR: tempnam(): file created in the system's temporary directory {"exception":"[object] (ErrorException(code: 0): tempnam(): file created in the system's temporary directory at C:\\Users\\user\\Documents\\amarImsfinal\\vendor\\laravel\\framework\\src\\Illuminate\\Filesystem\\Filesystem.php:208)
[stacktrace]
#0 C:\\Users\\user\\Documents\\amarImsfinal\\vendor\\laravel\\framework\\src\\Illuminate\\Foundation\\Bootstrap\\HandleExceptions.php(272): Illuminate\\Foundation\\Bootstrap\\HandleExceptions->handleError(8, 'tempnam(): file...', 'C:\\\\Users\\\\user\\\\D...', 208)
#1 [internal function]: Illuminate\\Foundation\\Bootstrap\\HandleExceptions->Illuminate\\Foundation\\Bootstrap\\{closure}(8, 'tempnam(): file...', 'C:\\\\Users\\\\user\\\\D...', 208)
#2 C:\\Users\\user\\Documents\\amarImsfinal\\vendor\\laravel\\framework\\src\\Illuminate\\Filesystem\\Filesystem.php(208): tempnam('C:\\\\Users\\\\user\\\\D...', 'packages.php')
#3 C:\\Users\\user\\Documents\\amarImsfinal\\vendor\\laravel\\framework\\src\\Illuminate\\Foundation\\PackageManifest.php(181): Illuminate\\Filesystem\\Filesystem->replace('C:\\\\Users\\\\user\\\\D...', '<?php return ar...')
#4 C:\\Users\\user\\Documents\\amarImsfinal\\vendor\\laravel\\framework\\src\\Illuminate\\Foundation\\PackageManifest.php(131): Illuminate\\Foundation\\PackageManifest->write(Array)
#5 C:\\Users\\user\\Documents\\amarImsfinal\\vendor\\laravel\\framework\\src\\Illuminate\\Foundation\\PackageManifest.php(107): Illuminate\\Foundation\\PackageManifest->build()
#6 C:\\Users\\user\\Documents\\amarImsfinal\\vendor\\laravel\\framework\\src\\Illuminate\\Foundation\\PackageManifest.php(90): Illuminate\\Foundation\\PackageManifest->getManifest()
#7 C:\\Users\\user\\Documents\\amarImsfinal\\vendor\\laravel\\framework\\src\\Illuminate\\Foundation\\PackageManifest.php(79): Illuminate\\Foundation\\PackageManifest->config('aliases')
#8 C:\\Users\\user\\Documents\\amarImsfinal\\vendor\\laravel\\framework\\src\\Illuminate\\Foundation\\Bootstrap\\RegisterFacades.php(26): Illuminate\\Foundation\\PackageManifest->aliases()
#9 C:\\Users\\user\\Documents\\amarImsfinal\\vendor\\laravel\\framework\\src\\Illuminate\\Foundation\\Application.php(265): Illuminate\\Foundation\\Bootstrap\\RegisterFacades->bootstrap(Object(Illuminate\\Foundation\\Application))
#10 C:\\Users\\user\\Documents\\amarImsfinal\\vendor\\laravel\\framework\\src\\Illuminate\\Foundation\\Console\\Kernel.php(383): Illuminate\\Foundation\\Application->bootstrapWith(Array)
#11 C:\\Users\\user\\Documents\\amarImsfinal\\vendor\\laravel\\framework\\src\\Illuminate\\Foundation\\Console\\Kernel.php(153): Illuminate\\Foundation\\Console\\Kernel->bootstrap()
#12 Command line code(1): Illuminate\\Foundation\\Console\\Kernel->handle(Object(Symfony\\Component\\Console\\Input\\ArgvInput), Object(Symfony\\Component\\Console\\Output\\ConsoleOutput))
#13 {main}
"} 
[2026-06-15 14:08:08] local.ERROR: tempnam(): file created in the system's temporary directory {"exception":"[object] (ErrorException(code: 0): tempnam(): file created in the system's temporary directory at C:\\Users\\user\\Documents\\amarImsfinal\\vendor\\laravel\\framework\\src\\Illuminate\\Filesystem\\Filesystem.php:208)
[stacktrace]
#0 C:\\Users\\user\\Documents\\amarImsfinal\\vendor\\laravel\\framework\\src\\Illuminate\\Foundation\\Bootstrap\\HandleExceptions.php(272): Illuminate\\Foundation\\Bootstrap\\HandleExceptions->handleError(8, 'tempnam(): file...', 'C:\\\\Users\\\\user\\\\D...', 208)
#1 [internal function]: Illuminate\\Foundation\\Bootstrap\\HandleExceptions->Illuminate\\Foundation\\Bootstrap\\{closure}(8, 'tempnam(): file...', 'C:\\\\Users\\\\user\\\\D...', 208)
#2 C:\\Users\\user\\Documents\\amarImsfinal\\vendor\\laravel\\framework\\src\\Illuminate\\Filesystem\\Filesystem.php(208): tempnam('C:\\\\Users\\\\user\\\\D...', 'packages.php')
#3 C:\\Users\\user\\Documents\\amarImsfinal\\vendor\\laravel\\framework\\src\\Illuminate\\Foundation\\PackageManifest.php(181): Illuminate\\Filesystem\\Filesystem->replace('C:\\\\Users\\\\user\\\\D...', '<?php return ar...')
#4 C:\\Users\\user\\Documents\\amarImsfinal\\vendor\\laravel\\framework\\src\\Illuminate\\Foundation\\PackageManifest.php(131): Illuminate\\Foundation\\PackageManifest->write(Array)
#5 C:\\Users\\user\\Documents\\amarImsfinal\\vendor\\laravel\\framework\\src\\Illuminate\\Foundation\\PackageManifest.php(107): Illuminate\\Foundation\\PackageManifest->build()
#6 C:\\Users\\user\\Documents\\amarImsfinal\\vendor\\laravel\\framework\\src\\Illuminate\\Foundation\\PackageManifest.php(90): Illuminate\\Foundation\\PackageManifest->getManifest()
#7 C:\\Users\\user\\Documents\\amarImsfinal\\vendor\\laravel\\framework\\src\\Illuminate\\Foundation\\PackageManifest.php(79): Illuminate\\Foundation\\PackageManifest->config('aliases')
#8 C:\\Users\\user\\Documents\\amarImsfinal\\vendor\\laravel\\framework\\src\\Illuminate\\Foundation\\Bootstrap\\RegisterFacades.php(26): Illuminate\\Foundation\\PackageManifest->aliases()
#9 C:\\Users\\user\\Documents\\amarImsfinal\\vendor\\laravel\\framework\\src\\Illuminate\\Foundation\\Application.php(265): Illuminate\\Foundation\\Bootstrap\\RegisterFacades->bootstrap(Object(Illuminate\\Foundation\\Application))
#10 C:\\Users\\user\\Documents\\amarImsfinal\\vendor\\laravel\\framework\\src\\Illuminate\\Foundation\\Console\\Kernel.php(383): Illuminate\\Foundation\\Application->bootstrapWith(Array)
#11 C:\\Users\\user\\Documents\\amarImsfinal\\vendor\\laravel\\framework\\src\\Illuminate\\Foundation\\Console\\Kernel.php(153): Illuminate\\Foundation\\Console\\Kernel->bootstrap()
#12 Command line code(1): Illuminate\\Foundation\\Console\\Kernel->handle(Object(Symfony\\Component\\Console\\Input\\ArgvInput), Object(Symfony\\Component\\Console\\Output\\ConsoleOutput))
#13 {main}
"} 
[2026-06-15 14:09:08] local.ERROR: tempnam(): file created in the system's temporary directory {"exception":"[object] (ErrorException(code: 0): tempnam(): file created in the system's temporary directory at C:\\Users\\user\\Documents\\amarImsfinal\\vendor\\laravel\\framework\\src\\Illuminate\\Filesystem\\Filesystem.php:208)
[stacktrace]
#0 C:\\Users\\user\\Documents\\amarImsfinal\\vendor\\laravel\\framework\\src\\Illuminate\\Foundation\\Bootstrap\\HandleExceptions.php(272): Illuminate\\Foundation\\Bootstrap\\HandleExceptions->handleError(8, 'tempnam(): file...', 'C:\\\\Users\\\\user\\\\D...', 208)
#1 [internal function]: Illuminate\\Foundation\\Bootstrap\\HandleExceptions->Illuminate\\Foundation\\Bootstrap\\{closure}(8, 'tempnam(): file...', 'C:\\\\Users\\\\user\\\\D...', 208)
#2 C:\\Users\\user\\Documents\\amarImsfinal\\vendor\\laravel\\framework\\src\\Illuminate\\Filesystem\\Filesystem.php(208): tempnam('C:\\\\Users\\\\user\\\\D...', 'packages.php')
#3 C:\\Users\\user\\Documents\\amarImsfinal\\vendor\\laravel\\framework\\src\\Illuminate\\Foundation\\PackageManifest.php(181): Illuminate\\Filesystem\\Filesystem->replace('C:\\\\Users\\\\user\\\\D...', '<?php return ar...')
#4 C:\\Users\\user\\Documents\\amarImsfinal\\vendor\\laravel\\framework\\src\\Illuminate\\Foundation\\PackageManifest.php(131): Illuminate\\Foundation\\PackageManifest->write(Array)
#5 C:\\Users\\user\\Documents\\amarImsfinal\\vendor\\laravel\\framework\\src\\Illuminate\\Foundation\\PackageManifest.php(107): Illuminate\\Foundation\\PackageManifest->build()
#6 C:\\Users\\user\\Documents\\amarImsfinal\\vendor\\laravel\\framework\\src\\Illuminate\\Foundation\\PackageManifest.php(90): Illuminate\\Foundation\\PackageManifest->getManifest()
#7 C:\\Users\\user\\Documents\\amarImsfinal\\vendor\\laravel\\framework\\src\\Illuminate\\Foundation\\PackageManifest.php(79): Illuminate\\Foundation\\PackageManifest->config('aliases')
#8 C:\\Users\\user\\Documents\\amarImsfinal\\vendor\\laravel\\framework\\src\\Illuminate\\Foundation\\Bootstrap\\RegisterFacades.php(26): Illuminate\\Foundation\\PackageManifest->aliases()
#9 C:\\Users\\user\\Documents\\amarImsfinal\\vendor\\laravel\\framework\\src\\Illuminate\\Foundation\\Application.php(265): Illuminate\\Foundation\\Bootstrap\\RegisterFacades->bootstrap(Object(Illuminate\\Foundation\\Application))
#10 C:\\Users\\user\\Documents\\amarImsfinal\\vendor\\laravel\\framework\\src\\Illuminate\\Foundation\\Console\\Kernel.php(383): Illuminate\\Foundation\\Application->bootstrapWith(Array)
#11 C:\\Users\\user\\Documents\\amarImsfinal\\vendor\\laravel\\framework\\src\\Illuminate\\Foundation\\Console\\Kernel.php(153): Illuminate\\Foundation\\Console\\Kernel->bootstrap()
#12 Command line code(1): Illuminate\\Foundation\\Console\\Kernel->handle(Object(Symfony\\Component\\Console\\Input\\ArgvInput), Object(Symfony\\Component\\Console\\Output\\ConsoleOutput))
#13 {main}
"} 
[2026-06-15 14:09:08] local.ERROR: tempnam(): file created in the system's temporary directory {"exception":"[object] (ErrorException(code: 0): tempnam(): file created in the system's temporary directory at C:\\Users\\user\\Documents\\amarImsfinal\\vendor\\laravel\\framework\\src\\Illuminate\\Filesystem\\Filesystem.php:208)
[stacktrace]
#0 C:\\Users\\user\\Documents\\amarImsfinal\\vendor\\laravel\\framework\\src\\Illuminate\\Foundation\\Bootstrap\\HandleExceptions.php(272): Illuminate\\Foundation\\Bootstrap\\HandleExceptions->handleError(8, 'tempnam(): file...', 'C:\\\\Users\\\\user\\\\D...', 208)
#1 [internal function]: Illuminate\\Foundation\\Bootstrap\\HandleExceptions->Illuminate\\Foundation\\Bootstrap\\{closure}(8, 'tempnam(): file...', 'C:\\\\Users\\\\user\\\\D...', 208)
#2 C:\\Users\\user\\Documents\\amarImsfinal\\vendor\\laravel\\framework\\src\\Illuminate\\Filesystem\\Filesystem.php(208): tempnam('C:\\\\Users\\\\user\\\\D...', 'packages.php')
#3 C:\\Users\\user\\Documents\\amarImsfinal\\vendor\\laravel\\framework\\src\\Illuminate\\Foundation\\PackageManifest.php(181): Illuminate\\Filesystem\\Filesystem->replace('C:\\\\Users\\\\user\\\\D...', '<?php return ar...')
#4 C:\\Users\\user\\Documents\\amarImsfinal\\vendor\\laravel\\framework\\src\\Illuminate\\Foundation\\PackageManifest.php(131): Illuminate\\Foundation\\PackageManifest->write(Array)
#5 C:\\Users\\user\\Documents\\amarImsfinal\\vendor\\laravel\\framework\\src\\Illuminate\\Foundation\\PackageManifest.php(107): Illuminate\\Foundation\\PackageManifest->build()
#6 C:\\Users\\user\\Documents\\amarImsfinal\\vendor\\laravel\\framework\\src\\Illuminate\\Foundation\\PackageManifest.php(90): Illuminate\\Foundation\\PackageManifest->getManifest()
#7 C:\\Users\\user\\Documents\\amarImsfinal\\vendor\\laravel\\framework\\src\\Illuminate\\Foundation\\PackageManifest.php(79): Illuminate\\Foundation\\PackageManifest->config('aliases')
#8 C:\\Users\\user\\Documents\\amarImsfinal\\vendor\\laravel\\framework\\src\\Illuminate\\Foundation\\Bootstrap\\RegisterFacades.php(26): Illuminate\\Foundation\\PackageManifest->aliases()
#9 C:\\Users\\user\\Documents\\amarImsfinal\\vendor\\laravel\\framework\\src\\Illuminate\\Foundation\\Application.php(265): Illuminate\\Foundation\\Bootstrap\\RegisterFacades->bootstrap(Object(Illuminate\\Foundation\\Application))
#10 C:\\Users\\user\\Documents\\amarImsfinal\\vendor\\laravel\\framework\\src\\Illuminate\\Foundation\\Console\\Kernel.php(383): Illuminate\\Foundation\\Application->bootstrapWith(Array)
#11 C:\\Users\\user\\Documents\\amarImsfinal\\vendor\\laravel\\framework\\src\\Illuminate\\Foundation\\Console\\Kernel.php(153): Illuminate\\Foundation\\Console\\Kernel->bootstrap()
#12 Command line code(1): Illuminate\\Foundation\\Console\\Kernel->handle(Object(Symfony\\Component\\Console\\Input\\ArgvInput), Object(Symfony\\Component\\Console\\Output\\ConsoleOutput))
#13 {main}
"} 
[2026-06-15 14:10:08] local.ERROR: tempnam(): file created in the system's temporary directory {"exception":"[object] (ErrorException(code: 0): tempnam(): file created in the system's temporary directory at C:\\Users\\user\\Documents\\amarImsfinal\\vendor\\laravel\\framework\\src\\Illuminate\\Filesystem\\Filesystem.php:208)
[stacktrace]
#0 C:\\Users\\user\\Documents\\amarImsfinal\\vendor\\laravel\\framework\\src\\Illuminate\\Foundation\\Bootstrap\\HandleExceptions.php(272): Illuminate\\Foundation\\Bootstrap\\HandleExceptions->handleError(8, 'tempnam(): file...', 'C:\\\\Users\\\\user\\\\D...', 208)
#1 [internal function]: Illuminate\\Foundation\\Bootstrap\\HandleExceptions->Illuminate\\Foundation\\Bootstrap\\{closure}(8, 'tempnam(): file...', 'C:\\\\Users\\\\user\\\\D...', 208)
#2 C:\\Users\\user\\Documents\\amarImsfinal\\vendor\\laravel\\framework\\src\\Illuminate\\Filesystem\\Filesystem.php(208): tempnam('C:\\\\Users\\\\user\\\\D...', 'packages.php')
#3 C:\\Users\\user\\Documents\\amarImsfinal\\vendor\\laravel\\framework\\src\\Illuminate\\Foundation\\PackageManifest.php(181): Illuminate\\Filesystem\\Filesystem->replace('C:\\\\Users\\\\user\\\\D...', '<?php return ar...')
#4 C:\\Users\\user\\Documents\\amarImsfinal\\vendor\\laravel\\framework\\src\\Illuminate\\Foundation\\PackageManifest.php(131): Illuminate\\Foundation\\PackageManifest->write(Array)
#5 C:\\Users\\user\\Documents\\amarImsfinal\\vendor\\laravel\\framework\\src\\Illuminate\\Foundation\\PackageManifest.php(107): Illuminate\\Foundation\\PackageManifest->build()
#6 C:\\Users\\user\\Documents\\amarImsfinal\\vendor\\laravel\\framework\\src\\Illuminate\\Foundation\\PackageManifest.php(90): Illuminate\\Foundation\\PackageManifest->getManifest()
#7 C:\\Users\\user\\Documents\\amarImsfinal\\vendor\\laravel\\framework\\src\\Illuminate\\Foundation\\PackageManifest.php(79): Illuminate\\Foundation\\PackageManifest->config('aliases')
#8 C:\\Users\\user\\Documents\\amarImsfinal\\vendor\\laravel\\framework\\src\\Illuminate\\Foundation\\Bootstrap\\RegisterFacades.php(26): Illuminate\\Foundation\\PackageManifest->aliases()
#9 C:\\Users\\user\\Documents\\amarImsfinal\\vendor\\laravel\\framework\\src\\Illuminate\\Foundation\\Application.php(265): Illuminate\\Foundation\\Bootstrap\\RegisterFacades->bootstrap(Object(Illuminate\\Foundation\\Application))
#10 C:\\Users\\user\\Documents\\amarImsfinal\\vendor\\laravel\\framework\\src\\Illuminate\\Foundation\\Console\\Kernel.php(383): Illuminate\\Foundation\\Application->bootstrapWith(Array)
#11 C:\\Users\\user\\Documents\\amarImsfinal\\vendor\\laravel\\framework\\src\\Illuminate\\Foundation\\Console\\Kernel.php(153): Illuminate\\Foundation\\Console\\Kernel->bootstrap()
#12 Command line code(1): Illuminate\\Foundation\\Console\\Kernel->handle(Object(Symfony\\Component\\Console\\Input\\ArgvInput), Object(Symfony\\Component\\Console\\Output\\ConsoleOutput))
#13 {main}
"} 
[2026-06-15 14:10:08] local.ERROR: tempnam(): file created in the system's temporary directory {"exception":"[object] (ErrorException(code: 0): tempnam(): file created in the system's temporary directory at C:\\Users\\user\\Documents\\amarImsfinal\\vendor\\laravel\\framework\\src\\Illuminate\\Filesystem\\Filesystem.php:208)
[stacktrace]
#0 C:\\Users\\user\\Documents\\amarImsfinal\\vendor\\laravel\\framework\\src\\Illuminate\\Foundation\\Bootstrap\\HandleExceptions.php(272): Illuminate\\Foundation\\Bootstrap\\HandleExceptions->handleError(8, 'tempnam(): file...', 'C:\\\\Users\\\\user\\\\D...', 208)
#1 [internal function]: Illuminate\\Foundation\\Bootstrap\\HandleExceptions->Illuminate\\Foundation\\Bootstrap\\{closure}(8, 'tempnam(): file...', 'C:\\\\Users\\\\user\\\\D...', 208)
#2 C:\\Users\\user\\Documents\\amarImsfinal\\vendor\\laravel\\framework\\src\\Illuminate\\Filesystem\\Filesystem.php(208): tempnam('C:\\\\Users\\\\user\\\\D...', 'packages.php')
#3 C:\\Users\\user\\Documents\\amarImsfinal\\vendor\\laravel\\framework\\src\\Illuminate\\Foundation\\PackageManifest.php(181): Illuminate\\Filesystem\\Filesystem->replace('C:\\\\Users\\\\user\\\\D...', '<?php return ar...')
#4 C:\\Users\\user\\Documents\\amarImsfinal\\vendor\\laravel\\framework\\src\\Illuminate\\Foundation\\PackageManifest.php(131): Illuminate\\Foundation\\PackageManifest->write(Array)
#5 C:\\Users\\user\\Documents\\amarImsfinal\\vendor\\laravel\\framework\\src\\Illuminate\\Foundation\\PackageManifest.php(107): Illuminate\\Foundation\\PackageManifest->build()
#6 C:\\Users\\user\\Documents\\amarImsfinal\\vendor\\laravel\\framework\\src\\Illuminate\\Foundation\\PackageManifest.php(90): Illuminate\\Foundation\\PackageManifest->getManifest()
#7 C:\\Users\\user\\Documents\\amarImsfinal\\vendor\\laravel\\framework\\src\\Illuminate\\Foundation\\PackageManifest.php(79): Illuminate\\Foundation\\PackageManifest->config('aliases')
#8 C:\\Users\\user\\Documents\\amarImsfinal\\vendor\\laravel\\framework\\src\\Illuminate\\Foundation\\Bootstrap\\RegisterFacades.php(26): Illuminate\\Foundation\\PackageManifest->aliases()
#9 C:\\Users\\user\\Documents\\amarImsfinal\\vendor\\laravel\\framework\\src\\Illuminate\\Foundation\\Application.php(265): Illuminate\\Foundation\\Bootstrap\\RegisterFacades->bootstrap(Object(Illuminate\\Foundation\\Application))
#10 C:\\Users\\user\\Documents\\amarImsfinal\\vendor\\laravel\\framework\\src\\Illuminate\\Foundation\\Console\\Kernel.php(383): Illuminate\\Foundation\\Application->bootstrapWith(Array)
#11 C:\\Users\\user\\Documents\\amarImsfinal\\vendor\\laravel\\framework\\src\\Illuminate\\Foundation\\Console\\Kernel.php(153): Illuminate\\Foundation\\Console\\Kernel->bootstrap()
#12 Command line code(1): Illuminate\\Foundation\\Console\\Kernel->handle(Object(Symfony\\Component\\Console\\Input\\ArgvInput), Object(Symfony\\Component\\Console\\Output\\ConsoleOutput))
#13 {main}
"} 
[2026-06-15 14:10:08] local.ERROR: tempnam(): file created in the system's temporary directory {"exception":"[object] (ErrorException(code: 0): tempnam(): file created in the system's temporary directory at C:\\Users\\user\\Documents\\amarImsfinal\\vendor\\laravel\\framework\\src\\Illuminate\\Filesystem\\Filesystem.php:208)
[stacktrace]
#0 C:\\Users\\user\\Documents\\amarImsfinal\\vendor\\laravel\\framework\\src\\Illuminate\\Foundation\\Bootstrap\\HandleExceptions.php(272): Illuminate\\Foundation\\Bootstrap\\HandleExceptions->handleError(8, 'tempnam(): file...', 'C:\\\\Users\\\\user\\\\D...', 208)
#1 [internal function]: Illuminate\\Foundation\\Bootstrap\\HandleExceptions->Illuminate\\Foundation\\Bootstrap\\{closure}(8, 'tempnam(): file...', 'C:\\\\Users\\\\user\\\\D...', 208)
#2 C:\\Users\\user\\Documents\\amarImsfinal\\vendor\\laravel\\framework\\src\\Illuminate\\Filesystem\\Filesystem.php(208): tempnam('C:\\\\Users\\\\user\\\\D...', 'packages.php')
#3 C:\\Users\\user\\Documents\\amarImsfinal\\vendor\\laravel\\framework\\src\\Illuminate\\Foundation\\PackageManifest.php(181): Illuminate\\Filesystem\\Filesystem->replace('C:\\\\Users\\\\user\\\\D...', '<?php return ar...')
#4 C:\\Users\\user\\Documents\\amarImsfinal\\vendor\\laravel\\framework\\src\\Illuminate\\Foundation\\PackageManifest.php(131): Illuminate\\Foundation\\PackageManifest->write(Array)
#5 C:\\Users\\user\\Documents\\amarImsfinal\\vendor\\laravel\\framework\\src\\Illuminate\\Foundation\\PackageManifest.php(107): Illuminate\\Foundation\\PackageManifest->build()
#6 C:\\Users\\user\\Documents\\amarImsfinal\\vendor\\laravel\\framework\\src\\Illuminate\\Foundation\\PackageManifest.php(90): Illuminate\\Foundation\\PackageManifest->getManifest()
#7 C:\\Users\\user\\Documents\\amarImsfinal\\vendor\\laravel\\framework\\src\\Illuminate\\Foundation\\PackageManifest.php(79): Illuminate\\Foundation\\PackageManifest->config('aliases')
#8 C:\\Users\\user\\Documents\\amarImsfinal\\vendor\\laravel\\framework\\src\\Illuminate\\Foundation\\Bootstrap\\RegisterFacades.php(26): Illuminate\\Foundation\\PackageManifest->aliases()
#9 C:\\Users\\user\\Documents\\amarImsfinal\\vendor\\laravel\\framework\\src\\Illuminate\\Foundation\\Application.php(265): Illuminate\\Foundation\\Bootstrap\\RegisterFacades->bootstrap(Object(Illuminate\\Foundation\\Application))
#10 C:\\Users\\user\\Documents\\amarImsfinal\\vendor\\laravel\\framework\\src\\Illuminate\\Foundation\\Console\\Kernel.php(383): Illuminate\\Foundation\\Application->bootstrapWith(Array)
#11 C:\\Users\\user\\Documents\\amarImsfinal\\vendor\\laravel\\framework\\src\\Illuminate\\Foundation\\Console\\Kernel.php(153): Illuminate\\Foundation\\Console\\Kernel->bootstrap()
#12 Command line code(1): Illuminate\\Foundation\\Console\\Kernel->handle(Object(Symfony\\Component\\Console\\Input\\ArgvInput), Object(Symfony\\Component\\Console\\Output\\ConsoleOutput))
#13 {main}
"} 
[2026-06-15 14:11:08] local.ERROR: tempnam(): file created in the system's temporary directory {"exception":"[object] (ErrorException(code: 0): tempnam(): file created in the system's temporary directory at C:\\Users\\user\\Documents\\amarImsfinal\\vendor\\laravel\\framework\\src\\Illuminate\\Filesystem\\Filesystem.php:208)
[stacktrace]
#0 C:\\Users\\user\\Documents\\amarImsfinal\\vendor\\laravel\\framework\\src\\Illuminate\\Foundation\\Bootstrap\\HandleExceptions.php(272): Illuminate\\Foundation\\Bootstrap\\HandleExceptions->handleError(8, 'tempnam(): file...', 'C:\\\\Users\\\\user\\\\D...', 208)
#1 [internal function]: Illuminate\\Foundation\\Bootstrap\\HandleExceptions->Illuminate\\Foundation\\Bootstrap\\{closure}(8, 'tempnam(): file...', 'C:\\\\Users\\\\user\\\\D...', 208)
#2 C:\\Users\\user\\Documents\\amarImsfinal\\vendor\\laravel\\framework\\src\\Illuminate\\Filesystem\\Filesystem.php(208): tempnam('C:\\\\Users\\\\user\\\\D...', 'packages.php')
#3 C:\\Users\\user\\Documents\\amarImsfinal\\vendor\\laravel\\framework\\src\\Illuminate\\Foundation\\PackageManifest.php(181): Illuminate\\Filesystem\\Filesystem->replace('C:\\\\Users\\\\user\\\\D...', '<?php return ar...')
#4 C:\\Users\\user\\Documents\\amarImsfinal\\vendor\\laravel\\framework\\src\\Illuminate\\Foundation\\PackageManifest.php(131): Illuminate\\Foundation\\PackageManifest->write(Array)
#5 C:\\Users\\user\\Documents\\amarImsfinal\\vendor\\laravel\\framework\\src\\Illuminate\\Foundation\\PackageManifest.php(107): Illuminate\\Foundation\\PackageManifest->build()
#6 C:\\Users\\user\\Documents\\amarImsfinal\\vendor\\laravel\\framework\\src\\Illuminate\\Foundation\\PackageManifest.php(90): Illuminate\\Foundation\\PackageManifest->getManifest()
#7 C:\\Users\\user\\Documents\\amarImsfinal\\vendor\\laravel\\framework\\src\\Illuminate\\Foundation\\PackageManifest.php(79): Illuminate\\Foundation\\PackageManifest->config('aliases')
#8 C:\\Users\\user\\Documents\\amarImsfinal\\vendor\\laravel\\framework\\src\\Illuminate\\Foundation\\Bootstrap\\RegisterFacades.php(26): Illuminate\\Foundation\\PackageManifest->aliases()
#9 C:\\Users\\user\\Documents\\amarImsfinal\\vendor\\laravel\\framework\\src\\Illuminate\\Foundation\\Application.php(265): Illuminate\\Foundation\\Bootstrap\\RegisterFacades->bootstrap(Object(Illuminate\\Foundation\\Application))
#10 C:\\Users\\user\\Documents\\amarImsfinal\\vendor\\laravel\\framework\\src\\Illuminate\\Foundation\\Console\\Kernel.php(383): Illuminate\\Foundation\\Application->bootstrapWith(Array)
#11 C:\\Users\\user\\Documents\\amarImsfinal\\vendor\\laravel\\framework\\src\\Illuminate\\Foundation\\Console\\Kernel.php(153): Illuminate\\Foundation\\Console\\Kernel->bootstrap()
#12 Command line code(1): Illuminate\\Foundation\\Console\\Kernel->handle(Object(Symfony\\Component\\Console\\Input\\ArgvInput), Object(Symfony\\Component\\Console\\Output\\ConsoleOutput))
#13 {main}
"} 
[2026-06-15 14:11:08] local.ERROR: tempnam(): file created in the system's temporary directory {"exception":"[object] (ErrorException(code: 0): tempnam(): file created in the system's temporary directory at C:\\Users\\user\\Documents\\amarImsfinal\\vendor\\laravel\\framework\\src\\Illuminate\\Filesystem\\Filesystem.php:208)
[stacktrace]
#0 C:\\Users\\user\\Documents\\amarImsfinal\\vendor\\laravel\\framework\\src\\Illuminate\\Foundation\\Bootstrap\\HandleExceptions.php(272): Illuminate\\Foundation\\Bootstrap\\HandleExceptions->handleError(8, 'tempnam(): file...', 'C:\\\\Users\\\\user\\\\D...', 208)
#1 [internal function]: Illuminate\\Foundation\\Bootstrap\\HandleExceptions->Illuminate\\Foundation\\Bootstrap\\{closure}(8, 'tempnam(): file...', 'C:\\\\Users\\\\user\\\\D...', 208)
#2 C:\\Users\\user\\Documents\\amarImsfinal\\vendor\\laravel\\framework\\src\\Illuminate\\Filesystem\\Filesystem.php(208): tempnam('C:\\\\Users\\\\user\\\\D...', 'packages.php')
#3 C:\\Users\\user\\Documents\\amarImsfinal\\vendor\\laravel\\framework\\src\\Illuminate\\Foundation\\PackageManifest.php(181): Illuminate\\Filesystem\\Filesystem->replace('C:\\\\Users\\\\user\\\\D...', '<?php return ar...')
#4 C:\\Users\\user\\Documents\\amarImsfinal\\vendor\\laravel\\framework\\src\\Illuminate\\Foundation\\PackageManifest.php(131): Illuminate\\Foundation\\PackageManifest->write(Array)
#5 C:\\Users\\user\\Documents\\amarImsfinal\\vendor\\laravel\\framework\\src\\Illuminate\\Foundation\\PackageManifest.php(107): Illuminate\\Foundation\\PackageManifest->build()
#6 C:\\Users\\user\\Documents\\amarImsfinal\\vendor\\laravel\\framework\\src\\Illuminate\\Foundation\\PackageManifest.php(90): Illuminate\\Foundation\\PackageManifest->getManifest()
#7 C:\\Users\\user\\Documents\\amarImsfinal\\vendor\\laravel\\framework\\src\\Illuminate\\Foundation\\PackageManifest.php(79): Illuminate\\Foundation\\PackageManifest->config('aliases')
#8 C:\\Users\\user\\Documents\\amarImsfinal\\vendor\\laravel\\framework\\src\\Illuminate\\Foundation\\Bootstrap\\RegisterFacades.php(26): Illuminate\\Foundation\\PackageManifest->aliases()
#9 C:\\Users\\user\\Documents\\amarImsfinal\\vendor\\laravel\\framework\\src\\Illuminate\\Foundation\\Application.php(265): Illuminate\\Foundation\\Bootstrap\\RegisterFacades->bootstrap(Object(Illuminate\\Foundation\\Application))
#10 C:\\Users\\user\\Documents\\amarImsfinal\\vendor\\laravel\\framework\\src\\Illuminate\\Foundation\\Console\\Kernel.php(383): Illuminate\\Foundation\\Application->bootstrapWith(Array)
#11 C:\\Users\\user\\Documents\\amarImsfinal\\vendor\\laravel\\framework\\src\\Illuminate\\Foundation\\Console\\Kernel.php(153): Illuminate\\Foundation\\Console\\Kernel->bootstrap()
#12 Command line code(1): Illuminate\\Foundation\\Console\\Kernel->handle(Object(Symfony\\Component\\Console\\Input\\ArgvInput), Object(Symfony\\Component\\Console\\Output\\ConsoleOutput))
#13 {main}
"} 
[2026-06-15 14:11:09] local.ERROR: tempnam(): file created in the system's temporary directory {"exception":"[object] (ErrorException(code: 0): tempnam(): file created in the system's temporary directory at C:\\Users\\user\\Documents\\amarImsfinal\\vendor\\laravel\\framework\\src\\Illuminate\\Filesystem\\Filesystem.php:208)
[stacktrace]
#0 C:\\Users\\user\\Documents\\amarImsfinal\\vendor\\laravel\\framework\\src\\Illuminate\\Foundation\\Bootstrap\\HandleExceptions.php(272): Illuminate\\Foundation\\Bootstrap\\HandleExceptions->handleError(8, 'tempnam(): file...', 'C:\\\\Users\\\\user\\\\D...', 208)
#1 [internal function]: Illuminate\\Foundation\\Bootstrap\\HandleExceptions->Illuminate\\Foundation\\Bootstrap\\{closure}(8, 'tempnam(): file...', 'C:\\\\Users\\\\user\\\\D...', 208)
#2 C:\\Users\\user\\Documents\\amarImsfinal\\vendor\\laravel\\framework\\src\\Illuminate\\Filesystem\\Filesystem.php(208): tempnam('C:\\\\Users\\\\user\\\\D...', 'packages.php')
#3 C:\\Users\\user\\Documents\\amarImsfinal\\vendor\\laravel\\framework\\src\\Illuminate\\Foundation\\PackageManifest.php(181): Illuminate\\Filesystem\\Filesystem->replace('C:\\\\Users\\\\user\\\\D...', '<?php return ar...')
#4 C:\\Users\\user\\Documents\\amarImsfinal\\vendor\\laravel\\framework\\src\\Illuminate\\Foundation\\PackageManifest.php(131): Illuminate\\Foundation\\PackageManifest->write(Array)
#5 C:\\Users\\user\\Documents\\amarImsfinal\\vendor\\laravel\\framework\\src\\Illuminate\\Foundation\\PackageManifest.php(107): Illuminate\\Foundation\\PackageManifest->build()
#6 C:\\Users\\user\\Documents\\amarImsfinal\\vendor\\laravel\\framework\\src\\Illuminate\\Foundation\\PackageManifest.php(90): Illuminate\\Foundation\\PackageManifest->getManifest()
#7 C:\\Users\\user\\Documents\\amarImsfinal\\vendor\\laravel\\framework\\src\\Illuminate\\Foundation\\PackageManifest.php(79): Illuminate\\Foundation\\PackageManifest->config('aliases')
#8 C:\\Users\\user\\Documents\\amarImsfinal\\vendor\\laravel\\framework\\src\\Illuminate\\Foundation\\Bootstrap\\RegisterFacades.php(26): Illuminate\\Foundation\\PackageManifest->aliases()
#9 C:\\Users\\user\\Documents\\amarImsfinal\\vendor\\laravel\\framework\\src\\Illuminate\\Foundation\\Application.php(265): Illuminate\\Foundation\\Bootstrap\\RegisterFacades->bootstrap(Object(Illuminate\\Foundation\\Application))
#10 C:\\Users\\user\\Documents\\amarImsfinal\\vendor\\laravel\\framework\\src\\Illuminate\\Foundation\\Console\\Kernel.php(383): Illuminate\\Foundation\\Application->bootstrapWith(Array)
#11 C:\\Users\\user\\Documents\\amarImsfinal\\vendor\\laravel\\framework\\src\\Illuminate\\Foundation\\Console\\Kernel.php(153): Illuminate\\Foundation\\Console\\Kernel->bootstrap()
#12 C:\\Users\\user\\Documents\\amarImsfinal\\artisan(35): Illuminate\\Foundation\\Console\\Kernel->handle(Object(Symfony\\Component\\Console\\Input\\ArgvInput), Object(Symfony\\Component\\Console\\Output\\ConsoleOutput))
#13 {main}
"} 
[2026-06-15 14:11:24] local.ERROR: tempnam(): file created in the system's temporary directory {"exception":"[object] (ErrorException(code: 0): tempnam(): file created in the system's temporary directory at C:\\Users\\user\\Documents\\amarImsfinal\\vendor\\laravel\\framework\\src\\Illuminate\\Filesystem\\Filesystem.php:208)
[stacktrace]
#0 C:\\Users\\user\\Documents\\amarImsfinal\\vendor\\laravel\\framework\\src\\Illuminate\\Foundation\\Bootstrap\\HandleExceptions.php(272): Illuminate\\Foundation\\Bootstrap\\HandleExceptions->handleError(8, 'tempnam(): file...', 'C:\\\\Users\\\\user\\\\D...', 208)
#1 [internal function]: Illuminate\\Foundation\\Bootstrap\\HandleExceptions->Illuminate\\Foundation\\Bootstrap\\{closure}(8, 'tempnam(): file...', 'C:\\\\Users\\\\user\\\\D...', 208)
#2 C:\\Users\\user\\Documents\\amarImsfinal\\vendor\\laravel\\framework\\src\\Illuminate\\Filesystem\\Filesystem.php(208): tempnam('C:\\\\Users\\\\user\\\\D...', 'packages.php')
#3 C:\\Users\\user\\Documents\\amarImsfinal\\vendor\\laravel\\framework\\src\\Illuminate\\Foundation\\PackageManifest.php(181): Illuminate\\Filesystem\\Filesystem->replace('C:\\\\Users\\\\user\\\\D...', '<?php return ar...')
#4 C:\\Users\\user\\Documents\\amarImsfinal\\vendor\\laravel\\framework\\src\\Illuminate\\Foundation\\PackageManifest.php(131): Illuminate\\Foundation\\PackageManifest->write(Array)
#5 C:\\Users\\user\\Documents\\amarImsfinal\\vendor\\laravel\\framework\\src\\Illuminate\\Foundation\\PackageManifest.php(107): Illuminate\\Foundation\\PackageManifest->build()
#6 C:\\Users\\user\\Documents\\amarImsfinal\\vendor\\laravel\\framework\\src\\Illuminate\\Foundation\\PackageManifest.php(90): Illuminate\\Foundation\\PackageManifest->getManifest()
#7 C:\\Users\\user\\Documents\\amarImsfinal\\vendor\\laravel\\framework\\src\\Illuminate\\Foundation\\PackageManifest.php(79): Illuminate\\Foundation\\PackageManifest->config('aliases')
#8 C:\\Users\\user\\Documents\\amarImsfinal\\vendor\\laravel\\framework\\src\\Illuminate\\Foundation\\Bootstrap\\RegisterFacades.php(26): Illuminate\\Foundation\\PackageManifest->aliases()
#9 C:\\Users\\user\\Documents\\amarImsfinal\\vendor\\laravel\\framework\\src\\Illuminate\\Foundation\\Application.php(265): Illuminate\\Foundation\\Bootstrap\\RegisterFacades->bootstrap(Object(Illuminate\\Foundation\\Application))
#10 C:\\Users\\user\\Documents\\amarImsfinal\\vendor\\laravel\\framework\\src\\Illuminate\\Foundation\\Console\\Kernel.php(383): Illuminate\\Foundation\\Application->bootstrapWith(Array)
#11 C:\\Users\\user\\Documents\\amarImsfinal\\vendor\\laravel\\framework\\src\\Illuminate\\Foundation\\Console\\Kernel.php(153): Illuminate\\Foundation\\Console\\Kernel->bootstrap()
#12 C:\\Users\\user\\Documents\\amarImsfinal\\artisan(35): Illuminate\\Foundation\\Console\\Kernel->handle(Object(Symfony\\Component\\Console\\Input\\ArgvInput), Object(Symfony\\Component\\Console\\Output\\ConsoleOutput))
#13 {main}
"} 
[2026-06-15 14:12:08] local.ERROR: tempnam(): file created in the system's temporary directory {"exception":"[object] (ErrorException(code: 0): tempnam(): file created in the system's temporary directory at C:\\Users\\user\\Documents\\amarImsfinal\\vendor\\laravel\\framework\\src\\Illuminate\\Filesystem\\Filesystem.php:208)
[stacktrace]
#0 C:\\Users\\user\\Documents\\amarImsfinal\\vendor\\laravel\\framework\\src\\Illuminate\\Foundation\\Bootstrap\\HandleExceptions.php(272): Illuminate\\Foundation\\Bootstrap\\HandleExceptions->handleError(8, 'tempnam(): file...', 'C:\\\\Users\\\\user\\\\D...', 208)
#1 [internal function]: Illuminate\\Foundation\\Bootstrap\\HandleExceptions->Illuminate\\Foundation\\Bootstrap\\{closure}(8, 'tempnam(): file...', 'C:\\\\Users\\\\user\\\\D...', 208)
#2 C:\\Users\\user\\Documents\\amarImsfinal\\vendor\\laravel\\framework\\src\\Illuminate\\Filesystem\\Filesystem.php(208): tempnam('C:\\\\Users\\\\user\\\\D...', 'packages.php')
#3 C:\\Users\\user\\Documents\\amarImsfinal\\vendor\\laravel\\framework\\src\\Illuminate\\Foundation\\PackageManifest.php(181): Illuminate\\Filesystem\\Filesystem->replace('C:\\\\Users\\\\user\\\\D...', '<?php return ar...')
#4 C:\\Users\\user\\Documents\\amarImsfinal\\vendor\\laravel\\framework\\src\\Illuminate\\Foundation\\PackageManifest.php(131): Illuminate\\Foundation\\PackageManifest->write(Array)
#5 C:\\Users\\user\\Documents\\amarImsfinal\\vendor\\laravel\\framework\\src\\Illuminate\\Foundation\\PackageManifest.php(107): Illuminate\\Foundation\\PackageManifest->build()
#6 C:\\Users\\user\\Documents\\amarImsfinal\\vendor\\laravel\\framework\\src\\Illuminate\\Foundation\\PackageManifest.php(90): Illuminate\\Foundation\\PackageManifest->getManifest()
#7 C:\\Users\\user\\Documents\\amarImsfinal\\vendor\\laravel\\framework\\src\\Illuminate\\Foundation\\PackageManifest.php(79): Illuminate\\Foundation\\PackageManifest->config('aliases')
#8 C:\\Users\\user\\Documents\\amarImsfinal\\vendor\\laravel\\framework\\src\\Illuminate\\Foundation\\Bootstrap\\RegisterFacades.php(26): Illuminate\\Foundation\\PackageManifest->aliases()
#9 C:\\Users\\user\\Documents\\amarImsfinal\\vendor\\laravel\\framework\\src\\Illuminate\\Foundation\\Application.php(265): Illuminate\\Foundation\\Bootstrap\\RegisterFacades->bootstrap(Object(Illuminate\\Foundation\\Application))
#10 C:\\Users\\user\\Documents\\amarImsfinal\\vendor\\laravel\\framework\\src\\Illuminate\\Foundation\\Console\\Kernel.php(383): Illuminate\\Foundation\\Application->bootstrapWith(Array)
#11 C:\\Users\\user\\Documents\\amarImsfinal\\vendor\\laravel\\framework\\src\\Illuminate\\Foundation\\Console\\Kernel.php(153): Illuminate\\Foundation\\Console\\Kernel->bootstrap()
#12 Command line code(1): Illuminate\\Foundation\\Console\\Kernel->handle(Object(Symfony\\Component\\Console\\Input\\ArgvInput), Object(Symfony\\Component\\Console\\Output\\ConsoleOutput))
#13 {main}
"} 
[2026-06-15 14:12:08] local.ERROR: tempnam(): file created in the system's temporary directory {"exception":"[object] (ErrorException(code: 0): tempnam(): file created in the system's temporary directory at C:\\Users\\user\\Documents\\amarImsfinal\\vendor\\laravel\\framework\\src\\Illuminate\\Filesystem\\Filesystem.php:208)
[stacktrace]
#0 C:\\Users\\user\\Documents\\amarImsfinal\\vendor\\laravel\\framework\\src\\Illuminate\\Foundation\\Bootstrap\\HandleExceptions.php(272): Illuminate\\Foundation\\Bootstrap\\HandleExceptions->handleError(8, 'tempnam(): file...', 'C:\\\\Users\\\\user\\\\D...', 208)
#1 [internal function]: Illuminate\\Foundation\\Bootstrap\\HandleExceptions->Illuminate\\Foundation\\Bootstrap\\{closure}(8, 'tempnam(): file...', 'C:\\\\Users\\\\user\\\\D...', 208)
#2 C:\\Users\\user\\Documents\\amarImsfinal\\vendor\\laravel\\framework\\src\\Illuminate\\Filesystem\\Filesystem.php(208): tempnam('C:\\\\Users\\\\user\\\\D...', 'packages.php')
#3 C:\\Users\\user\\Documents\\amarImsfinal\\vendor\\laravel\\framework\\src\\Illuminate\\Foundation\\PackageManifest.php(181): Illuminate\\Filesystem\\Filesystem->replace('C:\\\\Users\\\\user\\\\D...', '<?php return ar...')
#4 C:\\Users\\user\\Documents\\amarImsfinal\\vendor\\laravel\\framework\\src\\Illuminate\\Foundation\\PackageManifest.php(131): Illuminate\\Foundation\\PackageManifest->write(Array)
#5 C:\\Users\\user\\Documents\\amarImsfinal\\vendor\\laravel\\framework\\src\\Illuminate\\Foundation\\PackageManifest.php(107): Illuminate\\Foundation\\PackageManifest->build()
#6 C:\\Users\\user\\Documents\\amarImsfinal\\vendor\\laravel\\framework\\src\\Illuminate\\Foundation\\PackageManifest.php(90): Illuminate\\Foundation\\PackageManifest->getManifest()
#7 C:\\Users\\user\\Documents\\amarImsfinal\\vendor\\laravel\\framework\\src\\Illuminate\\Foundation\\PackageManifest.php(79): Illuminate\\Foundation\\PackageManifest->config('aliases')
#8 C:\\Users\\user\\Documents\\amarImsfinal\\vendor\\laravel\\framework\\src\\Illuminate\\Foundation\\Bootstrap\\RegisterFacades.php(26): Illuminate\\Foundation\\PackageManifest->aliases()
#9 C:\\Users\\user\\Documents\\amarImsfinal\\vendor\\laravel\\framework\\src\\Illuminate\\Foundation\\Application.php(265): Illuminate\\Foundation\\Bootstrap\\RegisterFacades->bootstrap(Object(Illuminate\\Foundation\\Application))
#10 C:\\Users\\user\\Documents\\amarImsfinal\\vendor\\laravel\\framework\\src\\Illuminate\\Foundation\\Console\\Kernel.php(383): Illuminate\\Foundation\\Application->bootstrapWith(Array)
#11 C:\\Users\\user\\Documents\\amarImsfinal\\vendor\\laravel\\framework\\src\\Illuminate\\Foundation\\Console\\Kernel.php(153): Illuminate\\Foundation\\Console\\Kernel->bootstrap()
#12 Command line code(1): Illuminate\\Foundation\\Console\\Kernel->handle(Object(Symfony\\Component\\Console\\Input\\ArgvInput), Object(Symfony\\Component\\Console\\Output\\ConsoleOutput))
#13 {main}
"} 
[2026-06-15 14:13:08] local.ERROR: tempnam(): file created in the system's temporary directory {"exception":"[object] (ErrorException(code: 0): tempnam(): file created in the system's temporary directory at C:\\Users\\user\\Documents\\amarImsfinal\\vendor\\laravel\\framework\\src\\Illuminate\\Filesystem\\Filesystem.php:208)
[stacktrace]
#0 C:\\Users\\user\\Documents\\amarImsfinal\\vendor\\laravel\\framework\\src\\Illuminate\\Foundation\\Bootstrap\\HandleExceptions.php(272): Illuminate\\Foundation\\Bootstrap\\HandleExceptions->handleError(8, 'tempnam(): file...', 'C:\\\\Users\\\\user\\\\D...', 208)
#1 [internal function]: Illuminate\\Foundation\\Bootstrap\\HandleExceptions->Illuminate\\Foundation\\Bootstrap\\{closure}(8, 'tempnam(): file...', 'C:\\\\Users\\\\user\\\\D...', 208)
#2 C:\\Users\\user\\Documents\\amarImsfinal\\vendor\\laravel\\framework\\src\\Illuminate\\Filesystem\\Filesystem.php(208): tempnam('C:\\\\Users\\\\user\\\\D...', 'packages.php')
#3 C:\\Users\\user\\Documents\\amarImsfinal\\vendor\\laravel\\framework\\src\\Illuminate\\Foundation\\PackageManifest.php(181): Illuminate\\Filesystem\\Filesystem->replace('C:\\\\Users\\\\user\\\\D...', '<?php return ar...')
#4 C:\\Users\\user\\Documents\\amarImsfinal\\vendor\\laravel\\framework\\src\\Illuminate\\Foundation\\PackageManifest.php(131): Illuminate\\Foundation\\PackageManifest->write(Array)
#5 C:\\Users\\user\\Documents\\amarImsfinal\\vendor\\laravel\\framework\\src\\Illuminate\\Foundation\\PackageManifest.php(107): Illuminate\\Foundation\\PackageManifest->build()
#6 C:\\Users\\user\\Documents\\amarImsfinal\\vendor\\laravel\\framework\\src\\Illuminate\\Foundation\\PackageManifest.php(90): Illuminate\\Foundation\\PackageManifest->getManifest()
#7 C:\\Users\\user\\Documents\\amarImsfinal\\vendor\\laravel\\framework\\src\\Illuminate\\Foundation\\PackageManifest.php(79): Illuminate\\Foundation\\PackageManifest->config('aliases')
#8 C:\\Users\\user\\Documents\\amarImsfinal\\vendor\\laravel\\framework\\src\\Illuminate\\Foundation\\Bootstrap\\RegisterFacades.php(26): Illuminate\\Foundation\\PackageManifest->aliases()
#9 C:\\Users\\user\\Documents\\amarImsfinal\\vendor\\laravel\\framework\\src\\Illuminate\\Foundation\\Application.php(265): Illuminate\\Foundation\\Bootstrap\\RegisterFacades->bootstrap(Object(Illuminate\\Foundation\\Application))
#10 C:\\Users\\user\\Documents\\amarImsfinal\\vendor\\laravel\\framework\\src\\Illuminate\\Foundation\\Console\\Kernel.php(383): Illuminate\\Foundation\\Application->bootstrapWith(Array)
#11 C:\\Users\\user\\Documents\\amarImsfinal\\vendor\\laravel\\framework\\src\\Illuminate\\Foundation\\Console\\Kernel.php(153): Illuminate\\Foundation\\Console\\Kernel->bootstrap()
#12 Command line code(1): Illuminate\\Foundation\\Console\\Kernel->handle(Object(Symfony\\Component\\Console\\Input\\ArgvInput), Object(Symfony\\Component\\Console\\Output\\ConsoleOutput))
#13 {main}
"} 
[2026-06-15 14:13:08] local.ERROR: tempnam(): file created in the system's temporary directory {"exception":"[object] (ErrorException(code: 0): tempnam(): file created in the system's temporary directory at C:\\Users\\user\\Documents\\amarImsfinal\\vendor\\laravel\\framework\\src\\Illuminate\\Filesystem\\Filesystem.php:208)
[stacktrace]
#0 C:\\Users\\user\\Documents\\amarImsfinal\\vendor\\laravel\\framework\\src\\Illuminate\\Foundation\\Bootstrap\\HandleExceptions.php(272): Illuminate\\Foundation\\Bootstrap\\HandleExceptions->handleError(8, 'tempnam(): file...', 'C:\\\\Users\\\\user\\\\D...', 208)
#1 [internal function]: Illuminate\\Foundation\\Bootstrap\\HandleExceptions->Illuminate\\Foundation\\Bootstrap\\{closure}(8, 'tempnam(): file...', 'C:\\\\Users\\\\user\\\\D...', 208)
#2 C:\\Users\\user\\Documents\\amarImsfinal\\vendor\\laravel\\framework\\src\\Illuminate\\Filesystem\\Filesystem.php(208): tempnam('C:\\\\Users\\\\user\\\\D...', 'packages.php')
#3 C:\\Users\\user\\Documents\\amarImsfinal\\vendor\\laravel\\framework\\src\\Illuminate\\Foundation\\PackageManifest.php(181): Illuminate\\Filesystem\\Filesystem->replace('C:\\\\Users\\\\user\\\\D...', '<?php return ar...')
#4 C:\\Users\\user\\Documents\\amarImsfinal\\vendor\\laravel\\framework\\src\\Illuminate\\Foundation\\PackageManifest.php(131): Illuminate\\Foundation\\PackageManifest->write(Array)
#5 C:\\Users\\user\\Documents\\amarImsfinal\\vendor\\laravel\\framework\\src\\Illuminate\\Foundation\\PackageManifest.php(107): Illuminate\\Foundation\\PackageManifest->build()
#6 C:\\Users\\user\\Documents\\amarImsfinal\\vendor\\laravel\\framework\\src\\Illuminate\\Foundation\\PackageManifest.php(90): Illuminate\\Foundation\\PackageManifest->getManifest()
#7 C:\\Users\\user\\Documents\\amarImsfinal\\vendor\\laravel\\framework\\src\\Illuminate\\Foundation\\PackageManifest.php(79): Illuminate\\Foundation\\PackageManifest->config('aliases')
#8 C:\\Users\\user\\Documents\\amarImsfinal\\vendor\\laravel\\framework\\src\\Illuminate\\Foundation\\Bootstrap\\RegisterFacades.php(26): Illuminate\\Foundation\\PackageManifest->aliases()
#9 C:\\Users\\user\\Documents\\amarImsfinal\\vendor\\laravel\\framework\\src\\Illuminate\\Foundation\\Application.php(265): Illuminate\\Foundation\\Bootstrap\\RegisterFacades->bootstrap(Object(Illuminate\\Foundation\\Application))
#10 C:\\Users\\user\\Documents\\amarImsfinal\\vendor\\laravel\\framework\\src\\Illuminate\\Foundation\\Console\\Kernel.php(383): Illuminate\\Foundation\\Application->bootstrapWith(Array)
#11 C:\\Users\\user\\Documents\\amarImsfinal\\vendor\\laravel\\framework\\src\\Illuminate\\Foundation\\Console\\Kernel.php(153): Illuminate\\Foundation\\Console\\Kernel->bootstrap()
#12 Command line code(1): Illuminate\\Foundation\\Console\\Kernel->handle(Object(Symfony\\Component\\Console\\Input\\ArgvInput), Object(Symfony\\Component\\Console\\Output\\ConsoleOutput))
#13 {main}
"} 
[2026-06-15 14:14:08] local.ERROR: The C:\Users\user\Documents\amarImsfinal\bootstrap\cache directory must be present and writable. {"exception":"[object] (Exception(code: 0): The C:\\Users\\user\\Documents\\amarImsfinal\\bootstrap\\cache directory must be present and writable. at C:\\Users\\user\\Documents\\amarImsfinal\\vendor\\laravel\\framework\\src\\Illuminate\\Foundation\\PackageManifest.php:178)
[stacktrace]
#0 C:\\Users\\user\\Documents\\amarImsfinal\\vendor\\laravel\\framework\\src\\Illuminate\\Foundation\\PackageManifest.php(131): Illuminate\\Foundation\\PackageManifest->write(Array)
#1 C:\\Users\\user\\Documents\\amarImsfinal\\vendor\\laravel\\framework\\src\\Illuminate\\Foundation\\PackageManifest.php(107): Illuminate\\Foundation\\PackageManifest->build()
#2 C:\\Users\\user\\Documents\\amarImsfinal\\vendor\\laravel\\framework\\src\\Illuminate\\Foundation\\PackageManifest.php(90): Illuminate\\Foundation\\PackageManifest->getManifest()
#3 C:\\Users\\user\\Documents\\amarImsfinal\\vendor\\laravel\\framework\\src\\Illuminate\\Foundation\\PackageManifest.php(79): Illuminate\\Foundation\\PackageManifest->config('aliases')
#4 C:\\Users\\user\\Documents\\amarImsfinal\\vendor\\laravel\\framework\\src\\Illuminate\\Foundation\\Bootstrap\\RegisterFacades.php(26): Illuminate\\Foundation\\PackageManifest->aliases()
#5 C:\\Users\\user\\Documents\\amarImsfinal\\vendor\\laravel\\framework\\src\\Illuminate\\Foundation\\Application.php(265): Illuminate\\Foundation\\Bootstrap\\RegisterFacades->bootstrap(Object(Illuminate\\Foundation\\Application))
#6 C:\\Users\\user\\Documents\\amarImsfinal\\vendor\\laravel\\framework\\src\\Illuminate\\Foundation\\Console\\Kernel.php(383): Illuminate\\Foundation\\Application->bootstrapWith(Array)
#7 C:\\Users\\user\\Documents\\amarImsfinal\\vendor\\laravel\\framework\\src\\Illuminate\\Foundation\\Console\\Kernel.php(153): Illuminate\\Foundation\\Console\\Kernel->bootstrap()
#8 Command line code(1): Illuminate\\Foundation\\Console\\Kernel->handle(Object(Symfony\\Component\\Console\\Input\\ArgvInput), Object(Symfony\\Component\\Console\\Output\\ConsoleOutput))
#9 {main}
"} 
[2026-06-15 14:14:08] local.ERROR: The C:\Users\user\Documents\amarImsfinal\bootstrap\cache directory must be present and writable. {"exception":"[object] (Exception(code: 0): The C:\\Users\\user\\Documents\\amarImsfinal\\bootstrap\\cache directory must be present and writable. at C:\\Users\\user\\Documents\\amarImsfinal\\vendor\\laravel\\framework\\src\\Illuminate\\Foundation\\PackageManifest.php:178)
[stacktrace]
#0 C:\\Users\\user\\Documents\\amarImsfinal\\vendor\\laravel\\framework\\src\\Illuminate\\Foundation\\PackageManifest.php(131): Illuminate\\Foundation\\PackageManifest->write(Array)
#1 C:\\Users\\user\\Documents\\amarImsfinal\\vendor\\laravel\\framework\\src\\Illuminate\\Foundation\\PackageManifest.php(107): Illuminate\\Foundation\\PackageManifest->build()
#2 C:\\Users\\user\\Documents\\amarImsfinal\\vendor\\laravel\\framework\\src\\Illuminate\\Foundation\\PackageManifest.php(90): Illuminate\\Foundation\\PackageManifest->getManifest()
#3 C:\\Users\\user\\Documents\\amarImsfinal\\vendor\\laravel\\framework\\src\\Illuminate\\Foundation\\PackageManifest.php(79): Illuminate\\Foundation\\PackageManifest->config('aliases')
#4 C:\\Users\\user\\Documents\\amarImsfinal\\vendor\\laravel\\framework\\src\\Illuminate\\Foundation\\Bootstrap\\RegisterFacades.php(26): Illuminate\\Foundation\\PackageManifest->aliases()
#5 C:\\Users\\user\\Documents\\amarImsfinal\\vendor\\laravel\\framework\\src\\Illuminate\\Foundation\\Application.php(265): Illuminate\\Foundation\\Bootstrap\\RegisterFacades->bootstrap(Object(Illuminate\\Foundation\\Application))
#6 C:\\Users\\user\\Documents\\amarImsfinal\\vendor\\laravel\\framework\\src\\Illuminate\\Foundation\\Console\\Kernel.php(383): Illuminate\\Foundation\\Application->bootstrapWith(Array)
#7 C:\\Users\\user\\Documents\\amarImsfinal\\vendor\\laravel\\framework\\src\\Illuminate\\Foundation\\Console\\Kernel.php(153): Illuminate\\Foundation\\Console\\Kernel->bootstrap()
#8 Command line code(1): Illuminate\\Foundation\\Console\\Kernel->handle(Object(Symfony\\Component\\Console\\Input\\ArgvInput), Object(Symfony\\Component\\Console\\Output\\ConsoleOutput))
#9 {main}
"} 
[2026-06-15 14:14:29] local.ERROR: The C:\Users\user\Documents\amarImsfinal\bootstrap\cache directory must be present and writable. {"exception":"[object] (Exception(code: 0): The C:\\Users\\user\\Documents\\amarImsfinal\\bootstrap\\cache directory must be present and writable. at C:\\Users\\user\\Documents\\amarImsfinal\\vendor\\laravel\\framework\\src\\Illuminate\\Foundation\\PackageManifest.php:178)
[stacktrace]
#0 C:\\Users\\user\\Documents\\amarImsfinal\\vendor\\laravel\\framework\\src\\Illuminate\\Foundation\\PackageManifest.php(131): Illuminate\\Foundation\\PackageManifest->write(Array)
#1 C:\\Users\\user\\Documents\\amarImsfinal\\vendor\\laravel\\framework\\src\\Illuminate\\Foundation\\PackageManifest.php(107): Illuminate\\Foundation\\PackageManifest->build()
#2 C:\\Users\\user\\Documents\\amarImsfinal\\vendor\\laravel\\framework\\src\\Illuminate\\Foundation\\PackageManifest.php(90): Illuminate\\Foundation\\PackageManifest->getManifest()
#3 C:\\Users\\user\\Documents\\amarImsfinal\\vendor\\laravel\\framework\\src\\Illuminate\\Foundation\\PackageManifest.php(79): Illuminate\\Foundation\\PackageManifest->config('aliases')
#4 C:\\Users\\user\\Documents\\amarImsfinal\\vendor\\laravel\\framework\\src\\Illuminate\\Foundation\\Bootstrap\\RegisterFacades.php(26): Illuminate\\Foundation\\PackageManifest->aliases()
#5 C:\\Users\\user\\Documents\\amarImsfinal\\vendor\\laravel\\framework\\src\\Illuminate\\Foundation\\Application.php(265): Illuminate\\Foundation\\Bootstrap\\RegisterFacades->bootstrap(Object(Illuminate\\Foundation\\Application))
#6 C:\\Users\\user\\Documents\\amarImsfinal\\vendor\\laravel\\framework\\src\\Illuminate\\Foundation\\Console\\Kernel.php(383): Illuminate\\Foundation\\Application->bootstrapWith(Array)
#7 C:\\Users\\user\\Documents\\amarImsfinal\\vendor\\laravel\\framework\\src\\Illuminate\\Foundation\\Console\\Kernel.php(153): Illuminate\\Foundation\\Console\\Kernel->bootstrap()
#8 C:\\Users\\user\\Documents\\amarImsfinal\\artisan(35): Illuminate\\Foundation\\Console\\Kernel->handle(Object(Symfony\\Component\\Console\\Input\\ArgvInput), Object(Symfony\\Component\\Console\\Output\\ConsoleOutput))
#9 {main}
"} 
[2026-06-15 14:15:09] local.ERROR: The C:\Users\user\Documents\amarImsfinal\bootstrap\cache directory must be present and writable. {"exception":"[object] (Exception(code: 0): The C:\\Users\\user\\Documents\\amarImsfinal\\bootstrap\\cache directory must be present and writable. at C:\\Users\\user\\Documents\\amarImsfinal\\vendor\\laravel\\framework\\src\\Illuminate\\Foundation\\PackageManifest.php:178)
[stacktrace]
#0 C:\\Users\\user\\Documents\\amarImsfinal\\vendor\\laravel\\framework\\src\\Illuminate\\Foundation\\PackageManifest.php(131): Illuminate\\Foundation\\PackageManifest->write(Array)
#1 C:\\Users\\user\\Documents\\amarImsfinal\\vendor\\laravel\\framework\\src\\Illuminate\\Foundation\\PackageManifest.php(107): Illuminate\\Foundation\\PackageManifest->build()
#2 C:\\Users\\user\\Documents\\amarImsfinal\\vendor\\laravel\\framework\\src\\Illuminate\\Foundation\\PackageManifest.php(90): Illuminate\\Foundation\\PackageManifest->getManifest()
#3 C:\\Users\\user\\Documents\\amarImsfinal\\vendor\\laravel\\framework\\src\\Illuminate\\Foundation\\PackageManifest.php(79): Illuminate\\Foundation\\PackageManifest->config('aliases')
#4 C:\\Users\\user\\Documents\\amarImsfinal\\vendor\\laravel\\framework\\src\\Illuminate\\Foundation\\Bootstrap\\RegisterFacades.php(26): Illuminate\\Foundation\\PackageManifest->aliases()
#5 C:\\Users\\user\\Documents\\amarImsfinal\\vendor\\laravel\\framework\\src\\Illuminate\\Foundation\\Application.php(265): Illuminate\\Foundation\\Bootstrap\\RegisterFacades->bootstrap(Object(Illuminate\\Foundation\\Application))
#6 C:\\Users\\user\\Documents\\amarImsfinal\\vendor\\laravel\\framework\\src\\Illuminate\\Foundation\\Console\\Kernel.php(383): Illuminate\\Foundation\\Application->bootstrapWith(Array)
#7 C:\\Users\\user\\Documents\\amarImsfinal\\vendor\\laravel\\framework\\src\\Illuminate\\Foundation\\Console\\Kernel.php(153): Illuminate\\Foundation\\Console\\Kernel->bootstrap()
#8 Command line code(1): Illuminate\\Foundation\\Console\\Kernel->handle(Object(Symfony\\Component\\Console\\Input\\ArgvInput), Object(Symfony\\Component\\Console\\Output\\ConsoleOutput))
#9 {main}
"} 
[2026-06-15 14:15:09] local.ERROR: The C:\Users\user\Documents\amarImsfinal\bootstrap\cache directory must be present and writable. {"exception":"[object] (Exception(code: 0): The C:\\Users\\user\\Documents\\amarImsfinal\\bootstrap\\cache directory must be present and writable. at C:\\Users\\user\\Documents\\amarImsfinal\\vendor\\laravel\\framework\\src\\Illuminate\\Foundation\\PackageManifest.php:178)
[stacktrace]
#0 C:\\Users\\user\\Documents\\amarImsfinal\\vendor\\laravel\\framework\\src\\Illuminate\\Foundation\\PackageManifest.php(131): Illuminate\\Foundation\\PackageManifest->write(Array)
#1 C:\\Users\\user\\Documents\\amarImsfinal\\vendor\\laravel\\framework\\src\\Illuminate\\Foundation\\PackageManifest.php(107): Illuminate\\Foundation\\PackageManifest->build()
#2 C:\\Users\\user\\Documents\\amarImsfinal\\vendor\\laravel\\framework\\src\\Illuminate\\Foundation\\PackageManifest.php(90): Illuminate\\Foundation\\PackageManifest->getManifest()
#3 C:\\Users\\user\\Documents\\amarImsfinal\\vendor\\laravel\\framework\\src\\Illuminate\\Foundation\\PackageManifest.php(79): Illuminate\\Foundation\\PackageManifest->config('aliases')
#4 C:\\Users\\user\\Documents\\amarImsfinal\\vendor\\laravel\\framework\\src\\Illuminate\\Foundation\\Bootstrap\\RegisterFacades.php(26): Illuminate\\Foundation\\PackageManifest->aliases()
#5 C:\\Users\\user\\Documents\\amarImsfinal\\vendor\\laravel\\framework\\src\\Illuminate\\Foundation\\Application.php(265): Illuminate\\Foundation\\Bootstrap\\RegisterFacades->bootstrap(Object(Illuminate\\Foundation\\Application))
#6 C:\\Users\\user\\Documents\\amarImsfinal\\vendor\\laravel\\framework\\src\\Illuminate\\Foundation\\Console\\Kernel.php(383): Illuminate\\Foundation\\Application->bootstrapWith(Array)
#7 C:\\Users\\user\\Documents\\amarImsfinal\\vendor\\laravel\\framework\\src\\Illuminate\\Foundation\\Console\\Kernel.php(153): Illuminate\\Foundation\\Console\\Kernel->bootstrap()
#8 Command line code(1): Illuminate\\Foundation\\Console\\Kernel->handle(Object(Symfony\\Component\\Console\\Input\\ArgvInput), Object(Symfony\\Component\\Console\\Output\\ConsoleOutput))
#9 {main}
"} 
[2026-06-15 14:16:08] local.ERROR: array_merge(): Argument #2 must be of type array, int given {"exception":"[object] (TypeError(code: 0): array_merge(): Argument #2 must be of type array, int given at C:\\Users\\user\\Documents\\amarImsfinal\\vendor\\laravel\\framework\\src\\Illuminate\\Foundation\\ProviderRepository.php:95)
[stacktrace]
#0 C:\\Users\\user\\Documents\\amarImsfinal\\vendor\\laravel\\framework\\src\\Illuminate\\Foundation\\ProviderRepository.php(95): array_merge(Array, 1)
#1 C:\\Users\\user\\Documents\\amarImsfinal\\vendor\\laravel\\framework\\src\\Illuminate\\Foundation\\ProviderRepository.php(55): Illuminate\\Foundation\\ProviderRepository->loadManifest()
#2 C:\\Users\\user\\Documents\\amarImsfinal\\vendor\\laravel\\framework\\src\\Illuminate\\Foundation\\Application.php(689): Illuminate\\Foundation\\ProviderRepository->load(Array)
#3 C:\\Users\\user\\Documents\\amarImsfinal\\vendor\\laravel\\framework\\src\\Illuminate\\Foundation\\Bootstrap\\RegisterProviders.php(17): Illuminate\\Foundation\\Application->registerConfiguredProviders()
#4 C:\\Users\\user\\Documents\\amarImsfinal\\vendor\\laravel\\framework\\src\\Illuminate\\Foundation\\Application.php(265): Illuminate\\Foundation\\Bootstrap\\RegisterProviders->bootstrap(Object(Illuminate\\Foundation\\Application))
#5 C:\\Users\\user\\Documents\\amarImsfinal\\vendor\\laravel\\framework\\src\\Illuminate\\Foundation\\Console\\Kernel.php(383): Illuminate\\Foundation\\Application->bootstrapWith(Array)
#6 C:\\Users\\user\\Documents\\amarImsfinal\\vendor\\laravel\\framework\\src\\Illuminate\\Foundation\\Console\\Kernel.php(153): Illuminate\\Foundation\\Console\\Kernel->bootstrap()
#7 Command line code(1): Illuminate\\Foundation\\Console\\Kernel->handle(Object(Symfony\\Component\\Console\\Input\\ArgvInput), Object(Symfony\\Component\\Console\\Output\\ConsoleOutput))
#8 {main}
"} 
[2026-06-15 14:16:08] local.ERROR: array_merge(): Argument #2 must be of type array, int given {"exception":"[object] (TypeError(code: 0): array_merge(): Argument #2 must be of type array, int given at C:\\Users\\user\\Documents\\amarImsfinal\\vendor\\laravel\\framework\\src\\Illuminate\\Foundation\\ProviderRepository.php:95)
[stacktrace]
#0 C:\\Users\\user\\Documents\\amarImsfinal\\vendor\\laravel\\framework\\src\\Illuminate\\Foundation\\ProviderRepository.php(95): array_merge(Array, 1)
#1 C:\\Users\\user\\Documents\\amarImsfinal\\vendor\\laravel\\framework\\src\\Illuminate\\Foundation\\ProviderRepository.php(55): Illuminate\\Foundation\\ProviderRepository->loadManifest()
#2 C:\\Users\\user\\Documents\\amarImsfinal\\vendor\\laravel\\framework\\src\\Illuminate\\Foundation\\Application.php(689): Illuminate\\Foundation\\ProviderRepository->load(Array)
#3 C:\\Users\\user\\Documents\\amarImsfinal\\vendor\\laravel\\framework\\src\\Illuminate\\Foundation\\Bootstrap\\RegisterProviders.php(17): Illuminate\\Foundation\\Application->registerConfiguredProviders()
#4 C:\\Users\\user\\Documents\\amarImsfinal\\vendor\\laravel\\framework\\src\\Illuminate\\Foundation\\Application.php(265): Illuminate\\Foundation\\Bootstrap\\RegisterProviders->bootstrap(Object(Illuminate\\Foundation\\Application))
#5 C:\\Users\\user\\Documents\\amarImsfinal\\vendor\\laravel\\framework\\src\\Illuminate\\Foundation\\Console\\Kernel.php(383): Illuminate\\Foundation\\Application->bootstrapWith(Array)
#6 C:\\Users\\user\\Documents\\amarImsfinal\\vendor\\laravel\\framework\\src\\Illuminate\\Foundation\\Console\\Kernel.php(153): Illuminate\\Foundation\\Console\\Kernel->bootstrap()
#7 Command line code(1): Illuminate\\Foundation\\Console\\Kernel->handle(Object(Symfony\\Component\\Console\\Input\\ArgvInput), Object(Symfony\\Component\\Console\\Output\\ConsoleOutput))
#8 {main}
"} 
[2026-06-15 14:16:14] local.ERROR: array_merge(): Argument #2 must be of type array, int given {"exception":"[object] (TypeError(code: 0): array_merge(): Argument #2 must be of type array, int given at C:\\Users\\user\\Documents\\amarImsfinal\\vendor\\laravel\\framework\\src\\Illuminate\\Foundation\\ProviderRepository.php:95)
[stacktrace]
#0 C:\\Users\\user\\Documents\\amarImsfinal\\vendor\\laravel\\framework\\src\\Illuminate\\Foundation\\ProviderRepository.php(95): array_merge(Array, 1)
#1 C:\\Users\\user\\Documents\\amarImsfinal\\vendor\\laravel\\framework\\src\\Illuminate\\Foundation\\ProviderRepository.php(55): Illuminate\\Foundation\\ProviderRepository->loadManifest()
#2 C:\\Users\\user\\Documents\\amarImsfinal\\vendor\\laravel\\framework\\src\\Illuminate\\Foundation\\Application.php(689): Illuminate\\Foundation\\ProviderRepository->load(Array)
#3 C:\\Users\\user\\Documents\\amarImsfinal\\vendor\\laravel\\framework\\src\\Illuminate\\Foundation\\Bootstrap\\RegisterProviders.php(17): Illuminate\\Foundation\\Application->registerConfiguredProviders()
#4 C:\\Users\\user\\Documents\\amarImsfinal\\vendor\\laravel\\framework\\src\\Illuminate\\Foundation\\Application.php(265): Illuminate\\Foundation\\Bootstrap\\RegisterProviders->bootstrap(Object(Illuminate\\Foundation\\Application))
#5 C:\\Users\\user\\Documents\\amarImsfinal\\vendor\\laravel\\framework\\src\\Illuminate\\Foundation\\Console\\Kernel.php(383): Illuminate\\Foundation\\Application->bootstrapWith(Array)
#6 C:\\Users\\user\\Documents\\amarImsfinal\\vendor\\laravel\\framework\\src\\Illuminate\\Foundation\\Console\\Kernel.php(153): Illuminate\\Foundation\\Console\\Kernel->bootstrap()
#7 C:\\Users\\user\\Documents\\amarImsfinal\\artisan(35): Illuminate\\Foundation\\Console\\Kernel->handle(Object(Symfony\\Component\\Console\\Input\\ArgvInput), Object(Symfony\\Component\\Console\\Output\\ConsoleOutput))
#8 {main}
"} 
[2026-06-15 14:17:08] local.ERROR: array_merge(): Argument #2 must be of type array, int given {"exception":"[object] (TypeError(code: 0): array_merge(): Argument #2 must be of type array, int given at C:\\Users\\user\\Documents\\amarImsfinal\\vendor\\laravel\\framework\\src\\Illuminate\\Foundation\\ProviderRepository.php:95)
[stacktrace]
#0 C:\\Users\\user\\Documents\\amarImsfinal\\vendor\\laravel\\framework\\src\\Illuminate\\Foundation\\ProviderRepository.php(95): array_merge(Array, 1)
#1 C:\\Users\\user\\Documents\\amarImsfinal\\vendor\\laravel\\framework\\src\\Illuminate\\Foundation\\ProviderRepository.php(55): Illuminate\\Foundation\\ProviderRepository->loadManifest()
#2 C:\\Users\\user\\Documents\\amarImsfinal\\vendor\\laravel\\framework\\src\\Illuminate\\Foundation\\Application.php(689): Illuminate\\Foundation\\ProviderRepository->load(Array)
#3 C:\\Users\\user\\Documents\\amarImsfinal\\vendor\\laravel\\framework\\src\\Illuminate\\Foundation\\Bootstrap\\RegisterProviders.php(17): Illuminate\\Foundation\\Application->registerConfiguredProviders()
#4 C:\\Users\\user\\Documents\\amarImsfinal\\vendor\\laravel\\framework\\src\\Illuminate\\Foundation\\Application.php(265): Illuminate\\Foundation\\Bootstrap\\RegisterProviders->bootstrap(Object(Illuminate\\Foundation\\Application))
#5 C:\\Users\\user\\Documents\\amarImsfinal\\vendor\\laravel\\framework\\src\\Illuminate\\Foundation\\Console\\Kernel.php(383): Illuminate\\Foundation\\Application->bootstrapWith(Array)
#6 C:\\Users\\user\\Documents\\amarImsfinal\\vendor\\laravel\\framework\\src\\Illuminate\\Foundation\\Console\\Kernel.php(153): Illuminate\\Foundation\\Console\\Kernel->bootstrap()
#7 Command line code(1): Illuminate\\Foundation\\Console\\Kernel->handle(Object(Symfony\\Component\\Console\\Input\\ArgvInput), Object(Symfony\\Component\\Console\\Output\\ConsoleOutput))
#8 {main}
"} 
[2026-06-15 14:18:08] local.ERROR: array_merge(): Argument #2 must be of type array, int given {"exception":"[object] (TypeError(code: 0): array_merge(): Argument #2 must be of type array, int given at C:\\Users\\user\\Documents\\amarImsfinal\\vendor\\laravel\\framework\\src\\Illuminate\\Foundation\\ProviderRepository.php:95)
[stacktrace]
#0 C:\\Users\\user\\Documents\\amarImsfinal\\vendor\\laravel\\framework\\src\\Illuminate\\Foundation\\ProviderRepository.php(95): array_merge(Array, 1)
#1 C:\\Users\\user\\Documents\\amarImsfinal\\vendor\\laravel\\framework\\src\\Illuminate\\Foundation\\ProviderRepository.php(55): Illuminate\\Foundation\\ProviderRepository->loadManifest()
#2 C:\\Users\\user\\Documents\\amarImsfinal\\vendor\\laravel\\framework\\src\\Illuminate\\Foundation\\Application.php(689): Illuminate\\Foundation\\ProviderRepository->load(Array)
#3 C:\\Users\\user\\Documents\\amarImsfinal\\vendor\\laravel\\framework\\src\\Illuminate\\Foundation\\Bootstrap\\RegisterProviders.php(17): Illuminate\\Foundation\\Application->registerConfiguredProviders()
#4 C:\\Users\\user\\Documents\\amarImsfinal\\vendor\\laravel\\framework\\src\\Illuminate\\Foundation\\Application.php(265): Illuminate\\Foundation\\Bootstrap\\RegisterProviders->bootstrap(Object(Illuminate\\Foundation\\Application))
#5 C:\\Users\\user\\Documents\\amarImsfinal\\vendor\\laravel\\framework\\src\\Illuminate\\Foundation\\Console\\Kernel.php(383): Illuminate\\Foundation\\Application->bootstrapWith(Array)
#6 C:\\Users\\user\\Documents\\amarImsfinal\\vendor\\laravel\\framework\\src\\Illuminate\\Foundation\\Console\\Kernel.php(153): Illuminate\\Foundation\\Console\\Kernel->bootstrap()
#7 Command line code(1): Illuminate\\Foundation\\Console\\Kernel->handle(Object(Symfony\\Component\\Console\\Input\\ArgvInput), Object(Symfony\\Component\\Console\\Output\\ConsoleOutput))
#8 {main}
"} 
[2026-06-15 14:18:08] local.ERROR: array_merge(): Argument #2 must be of type array, int given {"exception":"[object] (TypeError(code: 0): array_merge(): Argument #2 must be of type array, int given at C:\\Users\\user\\Documents\\amarImsfinal\\vendor\\laravel\\framework\\src\\Illuminate\\Foundation\\ProviderRepository.php:95)
[stacktrace]
#0 C:\\Users\\user\\Documents\\amarImsfinal\\vendor\\laravel\\framework\\src\\Illuminate\\Foundation\\ProviderRepository.php(95): array_merge(Array, 1)
#1 C:\\Users\\user\\Documents\\amarImsfinal\\vendor\\laravel\\framework\\src\\Illuminate\\Foundation\\ProviderRepository.php(55): Illuminate\\Foundation\\ProviderRepository->loadManifest()
#2 C:\\Users\\user\\Documents\\amarImsfinal\\vendor\\laravel\\framework\\src\\Illuminate\\Foundation\\Application.php(689): Illuminate\\Foundation\\ProviderRepository->load(Array)
#3 C:\\Users\\user\\Documents\\amarImsfinal\\vendor\\laravel\\framework\\src\\Illuminate\\Foundation\\Bootstrap\\RegisterProviders.php(17): Illuminate\\Foundation\\Application->registerConfiguredProviders()
#4 C:\\Users\\user\\Documents\\amarImsfinal\\vendor\\laravel\\framework\\src\\Illuminate\\Foundation\\Application.php(265): Illuminate\\Foundation\\Bootstrap\\RegisterProviders->bootstrap(Object(Illuminate\\Foundation\\Application))
#5 C:\\Users\\user\\Documents\\amarImsfinal\\vendor\\laravel\\framework\\src\\Illuminate\\Foundation\\Console\\Kernel.php(383): Illuminate\\Foundation\\Application->bootstrapWith(Array)
#6 C:\\Users\\user\\Documents\\amarImsfinal\\vendor\\laravel\\framework\\src\\Illuminate\\Foundation\\Console\\Kernel.php(153): Illuminate\\Foundation\\Console\\Kernel->bootstrap()
#7 Command line code(1): Illuminate\\Foundation\\Console\\Kernel->handle(Object(Symfony\\Component\\Console\\Input\\ArgvInput), Object(Symfony\\Component\\Console\\Output\\ConsoleOutput))
#8 {main}
"} 
[2026-06-15 14:19:08] local.ERROR: array_merge(): Argument #2 must be of type array, int given {"exception":"[object] (TypeError(code: 0): array_merge(): Argument #2 must be of type array, int given at C:\\Users\\user\\Documents\\amarImsfinal\\vendor\\laravel\\framework\\src\\Illuminate\\Foundation\\ProviderRepository.php:95)
[stacktrace]
#0 C:\\Users\\user\\Documents\\amarImsfinal\\vendor\\laravel\\framework\\src\\Illuminate\\Foundation\\ProviderRepository.php(95): array_merge(Array, 1)
#1 C:\\Users\\user\\Documents\\amarImsfinal\\vendor\\laravel\\framework\\src\\Illuminate\\Foundation\\ProviderRepository.php(55): Illuminate\\Foundation\\ProviderRepository->loadManifest()
#2 C:\\Users\\user\\Documents\\amarImsfinal\\vendor\\laravel\\framework\\src\\Illuminate\\Foundation\\Application.php(689): Illuminate\\Foundation\\ProviderRepository->load(Array)
#3 C:\\Users\\user\\Documents\\amarImsfinal\\vendor\\laravel\\framework\\src\\Illuminate\\Foundation\\Bootstrap\\RegisterProviders.php(17): Illuminate\\Foundation\\Application->registerConfiguredProviders()
#4 C:\\Users\\user\\Documents\\amarImsfinal\\vendor\\laravel\\framework\\src\\Illuminate\\Foundation\\Application.php(265): Illuminate\\Foundation\\Bootstrap\\RegisterProviders->bootstrap(Object(Illuminate\\Foundation\\Application))
#5 C:\\Users\\user\\Documents\\amarImsfinal\\vendor\\laravel\\framework\\src\\Illuminate\\Foundation\\Console\\Kernel.php(383): Illuminate\\Foundation\\Application->bootstrapWith(Array)
#6 C:\\Users\\user\\Documents\\amarImsfinal\\vendor\\laravel\\framework\\src\\Illuminate\\Foundation\\Console\\Kernel.php(153): Illuminate\\Foundation\\Console\\Kernel->bootstrap()
#7 Command line code(1): Illuminate\\Foundation\\Console\\Kernel->handle(Object(Symfony\\Component\\Console\\Input\\ArgvInput), Object(Symfony\\Component\\Console\\Output\\ConsoleOutput))
#8 {main}
"} 
[2026-06-15 14:19:08] local.ERROR: array_merge(): Argument #2 must be of type array, int given {"exception":"[object] (TypeError(code: 0): array_merge(): Argument #2 must be of type array, int given at C:\\Users\\user\\Documents\\amarImsfinal\\vendor\\laravel\\framework\\src\\Illuminate\\Foundation\\ProviderRepository.php:95)
[stacktrace]
#0 C:\\Users\\user\\Documents\\amarImsfinal\\vendor\\laravel\\framework\\src\\Illuminate\\Foundation\\ProviderRepository.php(95): array_merge(Array, 1)
#1 C:\\Users\\user\\Documents\\amarImsfinal\\vendor\\laravel\\framework\\src\\Illuminate\\Foundation\\ProviderRepository.php(55): Illuminate\\Foundation\\ProviderRepository->loadManifest()
#2 C:\\Users\\user\\Documents\\amarImsfinal\\vendor\\laravel\\framework\\src\\Illuminate\\Foundation\\Application.php(689): Illuminate\\Foundation\\ProviderRepository->load(Array)
#3 C:\\Users\\user\\Documents\\amarImsfinal\\vendor\\laravel\\framework\\src\\Illuminate\\Foundation\\Bootstrap\\RegisterProviders.php(17): Illuminate\\Foundation\\Application->registerConfiguredProviders()
#4 C:\\Users\\user\\Documents\\amarImsfinal\\vendor\\laravel\\framework\\src\\Illuminate\\Foundation\\Application.php(265): Illuminate\\Foundation\\Bootstrap\\RegisterProviders->bootstrap(Object(Illuminate\\Foundation\\Application))
#5 C:\\Users\\user\\Documents\\amarImsfinal\\vendor\\laravel\\framework\\src\\Illuminate\\Foundation\\Console\\Kernel.php(383): Illuminate\\Foundation\\Application->bootstrapWith(Array)
#6 C:\\Users\\user\\Documents\\amarImsfinal\\vendor\\laravel\\framework\\src\\Illuminate\\Foundation\\Console\\Kernel.php(153): Illuminate\\Foundation\\Console\\Kernel->bootstrap()
#7 Command line code(1): Illuminate\\Foundation\\Console\\Kernel->handle(Object(Symfony\\Component\\Console\\Input\\ArgvInput), Object(Symfony\\Component\\Console\\Output\\ConsoleOutput))
#8 {main}
"} 
[2026-06-15 14:20:07] local.ERROR: array_merge(): Argument #2 must be of type array, int given {"exception":"[object] (TypeError(code: 0): array_merge(): Argument #2 must be of type array, int given at C:\\Users\\user\\Documents\\amarImsfinal\\vendor\\laravel\\framework\\src\\Illuminate\\Foundation\\ProviderRepository.php:95)
[stacktrace]
#0 C:\\Users\\user\\Documents\\amarImsfinal\\vendor\\laravel\\framework\\src\\Illuminate\\Foundation\\ProviderRepository.php(95): array_merge(Array, 1)
#1 C:\\Users\\user\\Documents\\amarImsfinal\\vendor\\laravel\\framework\\src\\Illuminate\\Foundation\\ProviderRepository.php(55): Illuminate\\Foundation\\ProviderRepository->loadManifest()
#2 C:\\Users\\user\\Documents\\amarImsfinal\\vendor\\laravel\\framework\\src\\Illuminate\\Foundation\\Application.php(689): Illuminate\\Foundation\\ProviderRepository->load(Array)
#3 C:\\Users\\user\\Documents\\amarImsfinal\\vendor\\laravel\\framework\\src\\Illuminate\\Foundation\\Bootstrap\\RegisterProviders.php(17): Illuminate\\Foundation\\Application->registerConfiguredProviders()
#4 C:\\Users\\user\\Documents\\amarImsfinal\\vendor\\laravel\\framework\\src\\Illuminate\\Foundation\\Application.php(265): Illuminate\\Foundation\\Bootstrap\\RegisterProviders->bootstrap(Object(Illuminate\\Foundation\\Application))
#5 C:\\Users\\user\\Documents\\amarImsfinal\\vendor\\laravel\\framework\\src\\Illuminate\\Foundation\\Console\\Kernel.php(383): Illuminate\\Foundation\\Application->bootstrapWith(Array)
#6 C:\\Users\\user\\Documents\\amarImsfinal\\vendor\\laravel\\framework\\src\\Illuminate\\Foundation\\Console\\Kernel.php(153): Illuminate\\Foundation\\Console\\Kernel->bootstrap()
#7 Command line code(1): Illuminate\\Foundation\\Console\\Kernel->handle(Object(Symfony\\Component\\Console\\Input\\ArgvInput), Object(Symfony\\Component\\Console\\Output\\ConsoleOutput))
#8 {main}
"} 
[2026-06-15 14:20:08] local.ERROR: array_merge(): Argument #2 must be of type array, int given {"exception":"[object] (TypeError(code: 0): array_merge(): Argument #2 must be of type array, int given at C:\\Users\\user\\Documents\\amarImsfinal\\vendor\\laravel\\framework\\src\\Illuminate\\Foundation\\ProviderRepository.php:95)
[stacktrace]
#0 C:\\Users\\user\\Documents\\amarImsfinal\\vendor\\laravel\\framework\\src\\Illuminate\\Foundation\\ProviderRepository.php(95): array_merge(Array, 1)
#1 C:\\Users\\user\\Documents\\amarImsfinal\\vendor\\laravel\\framework\\src\\Illuminate\\Foundation\\ProviderRepository.php(55): Illuminate\\Foundation\\ProviderRepository->loadManifest()
#2 C:\\Users\\user\\Documents\\amarImsfinal\\vendor\\laravel\\framework\\src\\Illuminate\\Foundation\\Application.php(689): Illuminate\\Foundation\\ProviderRepository->load(Array)
#3 C:\\Users\\user\\Documents\\amarImsfinal\\vendor\\laravel\\framework\\src\\Illuminate\\Foundation\\Bootstrap\\RegisterProviders.php(17): Illuminate\\Foundation\\Application->registerConfiguredProviders()
#4 C:\\Users\\user\\Documents\\amarImsfinal\\vendor\\laravel\\framework\\src\\Illuminate\\Foundation\\Application.php(265): Illuminate\\Foundation\\Bootstrap\\RegisterProviders->bootstrap(Object(Illuminate\\Foundation\\Application))
#5 C:\\Users\\user\\Documents\\amarImsfinal\\vendor\\laravel\\framework\\src\\Illuminate\\Foundation\\Console\\Kernel.php(383): Illuminate\\Foundation\\Application->bootstrapWith(Array)
#6 C:\\Users\\user\\Documents\\amarImsfinal\\vendor\\laravel\\framework\\src\\Illuminate\\Foundation\\Console\\Kernel.php(153): Illuminate\\Foundation\\Console\\Kernel->bootstrap()
#7 Command line code(1): Illuminate\\Foundation\\Console\\Kernel->handle(Object(Symfony\\Component\\Console\\Input\\ArgvInput), Object(Symfony\\Component\\Console\\Output\\ConsoleOutput))
#8 {main}
"} 
[2026-06-15 14:20:08] local.ERROR: array_merge(): Argument #2 must be of type array, int given {"exception":"[object] (TypeError(code: 0): array_merge(): Argument #2 must be of type array, int given at C:\\Users\\user\\Documents\\amarImsfinal\\vendor\\laravel\\framework\\src\\Illuminate\\Foundation\\ProviderRepository.php:95)
[stacktrace]
#0 C:\\Users\\user\\Documents\\amarImsfinal\\vendor\\laravel\\framework\\src\\Illuminate\\Foundation\\ProviderRepository.php(95): array_merge(Array, 1)
#1 C:\\Users\\user\\Documents\\amarImsfinal\\vendor\\laravel\\framework\\src\\Illuminate\\Foundation\\ProviderRepository.php(55): Illuminate\\Foundation\\ProviderRepository->loadManifest()
#2 C:\\Users\\user\\Documents\\amarImsfinal\\vendor\\laravel\\framework\\src\\Illuminate\\Foundation\\Application.php(689): Illuminate\\Foundation\\ProviderRepository->load(Array)
#3 C:\\Users\\user\\Documents\\amarImsfinal\\vendor\\laravel\\framework\\src\\Illuminate\\Foundation\\Bootstrap\\RegisterProviders.php(17): Illuminate\\Foundation\\Application->registerConfiguredProviders()
#4 C:\\Users\\user\\Documents\\amarImsfinal\\vendor\\laravel\\framework\\src\\Illuminate\\Foundation\\Application.php(265): Illuminate\\Foundation\\Bootstrap\\RegisterProviders->bootstrap(Object(Illuminate\\Foundation\\Application))
#5 C:\\Users\\user\\Documents\\amarImsfinal\\vendor\\laravel\\framework\\src\\Illuminate\\Foundation\\Console\\Kernel.php(383): Illuminate\\Foundation\\Application->bootstrapWith(Array)
#6 C:\\Users\\user\\Documents\\amarImsfinal\\vendor\\laravel\\framework\\src\\Illuminate\\Foundation\\Console\\Kernel.php(153): Illuminate\\Foundation\\Console\\Kernel->bootstrap()
#7 Command line code(1): Illuminate\\Foundation\\Console\\Kernel->handle(Object(Symfony\\Component\\Console\\Input\\ArgvInput), Object(Symfony\\Component\\Console\\Output\\ConsoleOutput))
#8 {main}
"} 
[2026-06-15 14:21:08] local.ERROR: array_merge(): Argument #2 must be of type array, int given {"exception":"[object] (TypeError(code: 0): array_merge(): Argument #2 must be of type array, int given at C:\\Users\\user\\Documents\\amarImsfinal\\vendor\\laravel\\framework\\src\\Illuminate\\Foundation\\ProviderRepository.php:95)
[stacktrace]
#0 C:\\Users\\user\\Documents\\amarImsfinal\\vendor\\laravel\\framework\\src\\Illuminate\\Foundation\\ProviderRepository.php(95): array_merge(Array, 1)
#1 C:\\Users\\user\\Documents\\amarImsfinal\\vendor\\laravel\\framework\\src\\Illuminate\\Foundation\\ProviderRepository.php(55): Illuminate\\Foundation\\ProviderRepository->loadManifest()
#2 C:\\Users\\user\\Documents\\amarImsfinal\\vendor\\laravel\\framework\\src\\Illuminate\\Foundation\\Application.php(689): Illuminate\\Foundation\\ProviderRepository->load(Array)
#3 C:\\Users\\user\\Documents\\amarImsfinal\\vendor\\laravel\\framework\\src\\Illuminate\\Foundation\\Bootstrap\\RegisterProviders.php(17): Illuminate\\Foundation\\Application->registerConfiguredProviders()
#4 C:\\Users\\user\\Documents\\amarImsfinal\\vendor\\laravel\\framework\\src\\Illuminate\\Foundation\\Application.php(265): Illuminate\\Foundation\\Bootstrap\\RegisterProviders->bootstrap(Object(Illuminate\\Foundation\\Application))
#5 C:\\Users\\user\\Documents\\amarImsfinal\\vendor\\laravel\\framework\\src\\Illuminate\\Foundation\\Console\\Kernel.php(383): Illuminate\\Foundation\\Application->bootstrapWith(Array)
#6 C:\\Users\\user\\Documents\\amarImsfinal\\vendor\\laravel\\framework\\src\\Illuminate\\Foundation\\Console\\Kernel.php(153): Illuminate\\Foundation\\Console\\Kernel->bootstrap()
#7 Command line code(1): Illuminate\\Foundation\\Console\\Kernel->handle(Object(Symfony\\Component\\Console\\Input\\ArgvInput), Object(Symfony\\Component\\Console\\Output\\ConsoleOutput))
#8 {main}
"} 
[2026-06-15 14:21:08] local.ERROR: array_merge(): Argument #2 must be of type array, int given {"exception":"[object] (TypeError(code: 0): array_merge(): Argument #2 must be of type array, int given at C:\\Users\\user\\Documents\\amarImsfinal\\vendor\\laravel\\framework\\src\\Illuminate\\Foundation\\ProviderRepository.php:95)
[stacktrace]
#0 C:\\Users\\user\\Documents\\amarImsfinal\\vendor\\laravel\\framework\\src\\Illuminate\\Foundation\\ProviderRepository.php(95): array_merge(Array, 1)
#1 C:\\Users\\user\\Documents\\amarImsfinal\\vendor\\laravel\\framework\\src\\Illuminate\\Foundation\\ProviderRepository.php(55): Illuminate\\Foundation\\ProviderRepository->loadManifest()
#2 C:\\Users\\user\\Documents\\amarImsfinal\\vendor\\laravel\\framework\\src\\Illuminate\\Foundation\\Application.php(689): Illuminate\\Foundation\\ProviderRepository->load(Array)
#3 C:\\Users\\user\\Documents\\amarImsfinal\\vendor\\laravel\\framework\\src\\Illuminate\\Foundation\\Bootstrap\\RegisterProviders.php(17): Illuminate\\Foundation\\Application->registerConfiguredProviders()
#4 C:\\Users\\user\\Documents\\amarImsfinal\\vendor\\laravel\\framework\\src\\Illuminate\\Foundation\\Application.php(265): Illuminate\\Foundation\\Bootstrap\\RegisterProviders->bootstrap(Object(Illuminate\\Foundation\\Application))
#5 C:\\Users\\user\\Documents\\amarImsfinal\\vendor\\laravel\\framework\\src\\Illuminate\\Foundation\\Console\\Kernel.php(383): Illuminate\\Foundation\\Application->bootstrapWith(Array)
#6 C:\\Users\\user\\Documents\\amarImsfinal\\vendor\\laravel\\framework\\src\\Illuminate\\Foundation\\Console\\Kernel.php(153): Illuminate\\Foundation\\Console\\Kernel->bootstrap()
#7 Command line code(1): Illuminate\\Foundation\\Console\\Kernel->handle(Object(Symfony\\Component\\Console\\Input\\ArgvInput), Object(Symfony\\Component\\Console\\Output\\ConsoleOutput))
#8 {main}
"} 
[2026-06-15 14:22:08] local.ERROR: array_merge(): Argument #2 must be of type array, int given {"exception":"[object] (TypeError(code: 0): array_merge(): Argument #2 must be of type array, int given at C:\\Users\\user\\Documents\\amarImsfinal\\vendor\\laravel\\framework\\src\\Illuminate\\Foundation\\ProviderRepository.php:95)
[stacktrace]
#0 C:\\Users\\user\\Documents\\amarImsfinal\\vendor\\laravel\\framework\\src\\Illuminate\\Foundation\\ProviderRepository.php(95): array_merge(Array, 1)
#1 C:\\Users\\user\\Documents\\amarImsfinal\\vendor\\laravel\\framework\\src\\Illuminate\\Foundation\\ProviderRepository.php(55): Illuminate\\Foundation\\ProviderRepository->loadManifest()
#2 C:\\Users\\user\\Documents\\amarImsfinal\\vendor\\laravel\\framework\\src\\Illuminate\\Foundation\\Application.php(689): Illuminate\\Foundation\\ProviderRepository->load(Array)
#3 C:\\Users\\user\\Documents\\amarImsfinal\\vendor\\laravel\\framework\\src\\Illuminate\\Foundation\\Bootstrap\\RegisterProviders.php(17): Illuminate\\Foundation\\Application->registerConfiguredProviders()
#4 C:\\Users\\user\\Documents\\amarImsfinal\\vendor\\laravel\\framework\\src\\Illuminate\\Foundation\\Application.php(265): Illuminate\\Foundation\\Bootstrap\\RegisterProviders->bootstrap(Object(Illuminate\\Foundation\\Application))
#5 C:\\Users\\user\\Documents\\amarImsfinal\\vendor\\laravel\\framework\\src\\Illuminate\\Foundation\\Console\\Kernel.php(383): Illuminate\\Foundation\\Application->bootstrapWith(Array)
#6 C:\\Users\\user\\Documents\\amarImsfinal\\vendor\\laravel\\framework\\src\\Illuminate\\Foundation\\Console\\Kernel.php(153): Illuminate\\Foundation\\Console\\Kernel->bootstrap()
#7 Command line code(1): Illuminate\\Foundation\\Console\\Kernel->handle(Object(Symfony\\Component\\Console\\Input\\ArgvInput), Object(Symfony\\Component\\Console\\Output\\ConsoleOutput))
#8 {main}
"} 
[2026-06-15 14:22:08] local.ERROR: array_merge(): Argument #2 must be of type array, int given {"exception":"[object] (TypeError(code: 0): array_merge(): Argument #2 must be of type array, int given at C:\\Users\\user\\Documents\\amarImsfinal\\vendor\\laravel\\framework\\src\\Illuminate\\Foundation\\ProviderRepository.php:95)
[stacktrace]
#0 C:\\Users\\user\\Documents\\amarImsfinal\\vendor\\laravel\\framework\\src\\Illuminate\\Foundation\\ProviderRepository.php(95): array_merge(Array, 1)
#1 C:\\Users\\user\\Documents\\amarImsfinal\\vendor\\laravel\\framework\\src\\Illuminate\\Foundation\\ProviderRepository.php(55): Illuminate\\Foundation\\ProviderRepository->loadManifest()
#2 C:\\Users\\user\\Documents\\amarImsfinal\\vendor\\laravel\\framework\\src\\Illuminate\\Foundation\\Application.php(689): Illuminate\\Foundation\\ProviderRepository->load(Array)
#3 C:\\Users\\user\\Documents\\amarImsfinal\\vendor\\laravel\\framework\\src\\Illuminate\\Foundation\\Bootstrap\\RegisterProviders.php(17): Illuminate\\Foundation\\Application->registerConfiguredProviders()
#4 C:\\Users\\user\\Documents\\amarImsfinal\\vendor\\laravel\\framework\\src\\Illuminate\\Foundation\\Application.php(265): Illuminate\\Foundation\\Bootstrap\\RegisterProviders->bootstrap(Object(Illuminate\\Foundation\\Application))
#5 C:\\Users\\user\\Documents\\amarImsfinal\\vendor\\laravel\\framework\\src\\Illuminate\\Foundation\\Console\\Kernel.php(383): Illuminate\\Foundation\\Application->bootstrapWith(Array)
#6 C:\\Users\\user\\Documents\\amarImsfinal\\vendor\\laravel\\framework\\src\\Illuminate\\Foundation\\Console\\Kernel.php(153): Illuminate\\Foundation\\Console\\Kernel->bootstrap()
#7 Command line code(1): Illuminate\\Foundation\\Console\\Kernel->handle(Object(Symfony\\Component\\Console\\Input\\ArgvInput), Object(Symfony\\Component\\Console\\Output\\ConsoleOutput))
#8 {main}
"} 
[2026-06-15 14:23:08] local.ERROR: array_merge(): Argument #2 must be of type array, int given {"exception":"[object] (TypeError(code: 0): array_merge(): Argument #2 must be of type array, int given at C:\\Users\\user\\Documents\\amarImsfinal\\vendor\\laravel\\framework\\src\\Illuminate\\Foundation\\ProviderRepository.php:95)
[stacktrace]
#0 C:\\Users\\user\\Documents\\amarImsfinal\\vendor\\laravel\\framework\\src\\Illuminate\\Foundation\\ProviderRepository.php(95): array_merge(Array, 1)
#1 C:\\Users\\user\\Documents\\amarImsfinal\\vendor\\laravel\\framework\\src\\Illuminate\\Foundation\\ProviderRepository.php(55): Illuminate\\Foundation\\ProviderRepository->loadManifest()
#2 C:\\Users\\user\\Documents\\amarImsfinal\\vendor\\laravel\\framework\\src\\Illuminate\\Foundation\\Application.php(689): Illuminate\\Foundation\\ProviderRepository->load(Array)
#3 C:\\Users\\user\\Documents\\amarImsfinal\\vendor\\laravel\\framework\\src\\Illuminate\\Foundation\\Bootstrap\\RegisterProviders.php(17): Illuminate\\Foundation\\Application->registerConfiguredProviders()
#4 C:\\Users\\user\\Documents\\amarImsfinal\\vendor\\laravel\\framework\\src\\Illuminate\\Foundation\\Application.php(265): Illuminate\\Foundation\\Bootstrap\\RegisterProviders->bootstrap(Object(Illuminate\\Foundation\\Application))
#5 C:\\Users\\user\\Documents\\amarImsfinal\\vendor\\laravel\\framework\\src\\Illuminate\\Foundation\\Console\\Kernel.php(383): Illuminate\\Foundation\\Application->bootstrapWith(Array)
#6 C:\\Users\\user\\Documents\\amarImsfinal\\vendor\\laravel\\framework\\src\\Illuminate\\Foundation\\Console\\Kernel.php(153): Illuminate\\Foundation\\Console\\Kernel->bootstrap()
#7 Command line code(1): Illuminate\\Foundation\\Console\\Kernel->handle(Object(Symfony\\Component\\Console\\Input\\ArgvInput), Object(Symfony\\Component\\Console\\Output\\ConsoleOutput))
#8 {main}
"} 
[2026-06-15 14:23:08] local.ERROR: array_merge(): Argument #2 must be of type array, int given {"exception":"[object] (TypeError(code: 0): array_merge(): Argument #2 must be of type array, int given at C:\\Users\\user\\Documents\\amarImsfinal\\vendor\\laravel\\framework\\src\\Illuminate\\Foundation\\ProviderRepository.php:95)
[stacktrace]
#0 C:\\Users\\user\\Documents\\amarImsfinal\\vendor\\laravel\\framework\\src\\Illuminate\\Foundation\\ProviderRepository.php(95): array_merge(Array, 1)
#1 C:\\Users\\user\\Documents\\amarImsfinal\\vendor\\laravel\\framework\\src\\Illuminate\\Foundation\\ProviderRepository.php(55): Illuminate\\Foundation\\ProviderRepository->loadManifest()
#2 C:\\Users\\user\\Documents\\amarImsfinal\\vendor\\laravel\\framework\\src\\Illuminate\\Foundation\\Application.php(689): Illuminate\\Foundation\\ProviderRepository->load(Array)
#3 C:\\Users\\user\\Documents\\amarImsfinal\\vendor\\laravel\\framework\\src\\Illuminate\\Foundation\\Bootstrap\\RegisterProviders.php(17): Illuminate\\Foundation\\Application->registerConfiguredProviders()
#4 C:\\Users\\user\\Documents\\amarImsfinal\\vendor\\laravel\\framework\\src\\Illuminate\\Foundation\\Application.php(265): Illuminate\\Foundation\\Bootstrap\\RegisterProviders->bootstrap(Object(Illuminate\\Foundation\\Application))
#5 C:\\Users\\user\\Documents\\amarImsfinal\\vendor\\laravel\\framework\\src\\Illuminate\\Foundation\\Console\\Kernel.php(383): Illuminate\\Foundation\\Application->bootstrapWith(Array)
#6 C:\\Users\\user\\Documents\\amarImsfinal\\vendor\\laravel\\framework\\src\\Illuminate\\Foundation\\Console\\Kernel.php(153): Illuminate\\Foundation\\Console\\Kernel->bootstrap()
#7 Command line code(1): Illuminate\\Foundation\\Console\\Kernel->handle(Object(Symfony\\Component\\Console\\Input\\ArgvInput), Object(Symfony\\Component\\Console\\Output\\ConsoleOutput))
#8 {main}
"} 
[2026-06-15 14:24:08] local.ERROR: array_merge(): Argument #2 must be of type array, int given {"exception":"[object] (TypeError(code: 0): array_merge(): Argument #2 must be of type array, int given at C:\\Users\\user\\Documents\\amarImsfinal\\vendor\\laravel\\framework\\src\\Illuminate\\Foundation\\ProviderRepository.php:95)
[stacktrace]
#0 C:\\Users\\user\\Documents\\amarImsfinal\\vendor\\laravel\\framework\\src\\Illuminate\\Foundation\\ProviderRepository.php(95): array_merge(Array, 1)
#1 C:\\Users\\user\\Documents\\amarImsfinal\\vendor\\laravel\\framework\\src\\Illuminate\\Foundation\\ProviderRepository.php(55): Illuminate\\Foundation\\ProviderRepository->loadManifest()
#2 C:\\Users\\user\\Documents\\amarImsfinal\\vendor\\laravel\\framework\\src\\Illuminate\\Foundation\\Application.php(689): Illuminate\\Foundation\\ProviderRepository->load(Array)
#3 C:\\Users\\user\\Documents\\amarImsfinal\\vendor\\laravel\\framework\\src\\Illuminate\\Foundation\\Bootstrap\\RegisterProviders.php(17): Illuminate\\Foundation\\Application->registerConfiguredProviders()
#4 C:\\Users\\user\\Documents\\amarImsfinal\\vendor\\laravel\\framework\\src\\Illuminate\\Foundation\\Application.php(265): Illuminate\\Foundation\\Bootstrap\\RegisterProviders->bootstrap(Object(Illuminate\\Foundation\\Application))
#5 C:\\Users\\user\\Documents\\amarImsfinal\\vendor\\laravel\\framework\\src\\Illuminate\\Foundation\\Console\\Kernel.php(383): Illuminate\\Foundation\\Application->bootstrapWith(Array)
#6 C:\\Users\\user\\Documents\\amarImsfinal\\vendor\\laravel\\framework\\src\\Illuminate\\Foundation\\Console\\Kernel.php(153): Illuminate\\Foundation\\Console\\Kernel->bootstrap()
#7 Command line code(1): Illuminate\\Foundation\\Console\\Kernel->handle(Object(Symfony\\Component\\Console\\Input\\ArgvInput), Object(Symfony\\Component\\Console\\Output\\ConsoleOutput))
#8 {main}
"} 
[2026-06-15 14:24:08] local.ERROR: array_merge(): Argument #2 must be of type array, int given {"exception":"[object] (TypeError(code: 0): array_merge(): Argument #2 must be of type array, int given at C:\\Users\\user\\Documents\\amarImsfinal\\vendor\\laravel\\framework\\src\\Illuminate\\Foundation\\ProviderRepository.php:95)
[stacktrace]
#0 C:\\Users\\user\\Documents\\amarImsfinal\\vendor\\laravel\\framework\\src\\Illuminate\\Foundation\\ProviderRepository.php(95): array_merge(Array, 1)
#1 C:\\Users\\user\\Documents\\amarImsfinal\\vendor\\laravel\\framework\\src\\Illuminate\\Foundation\\ProviderRepository.php(55): Illuminate\\Foundation\\ProviderRepository->loadManifest()
#2 C:\\Users\\user\\Documents\\amarImsfinal\\vendor\\laravel\\framework\\src\\Illuminate\\Foundation\\Application.php(689): Illuminate\\Foundation\\ProviderRepository->load(Array)
#3 C:\\Users\\user\\Documents\\amarImsfinal\\vendor\\laravel\\framework\\src\\Illuminate\\Foundation\\Bootstrap\\RegisterProviders.php(17): Illuminate\\Foundation\\Application->registerConfiguredProviders()
#4 C:\\Users\\user\\Documents\\amarImsfinal\\vendor\\laravel\\framework\\src\\Illuminate\\Foundation\\Application.php(265): Illuminate\\Foundation\\Bootstrap\\RegisterProviders->bootstrap(Object(Illuminate\\Foundation\\Application))
#5 C:\\Users\\user\\Documents\\amarImsfinal\\vendor\\laravel\\framework\\src\\Illuminate\\Foundation\\Console\\Kernel.php(383): Illuminate\\Foundation\\Application->bootstrapWith(Array)
#6 C:\\Users\\user\\Documents\\amarImsfinal\\vendor\\laravel\\framework\\src\\Illuminate\\Foundation\\Console\\Kernel.php(153): Illuminate\\Foundation\\Console\\Kernel->bootstrap()
#7 Command line code(1): Illuminate\\Foundation\\Console\\Kernel->handle(Object(Symfony\\Component\\Console\\Input\\ArgvInput), Object(Symfony\\Component\\Console\\Output\\ConsoleOutput))
#8 {main}
"} 
[2026-06-15 14:25:08] local.ERROR: array_merge(): Argument #2 must be of type array, int given {"exception":"[object] (TypeError(code: 0): array_merge(): Argument #2 must be of type array, int given at C:\\Users\\user\\Documents\\amarImsfinal\\vendor\\laravel\\framework\\src\\Illuminate\\Foundation\\ProviderRepository.php:95)
[stacktrace]
#0 C:\\Users\\user\\Documents\\amarImsfinal\\vendor\\laravel\\framework\\src\\Illuminate\\Foundation\\ProviderRepository.php(95): array_merge(Array, 1)
#1 C:\\Users\\user\\Documents\\amarImsfinal\\vendor\\laravel\\framework\\src\\Illuminate\\Foundation\\ProviderRepository.php(55): Illuminate\\Foundation\\ProviderRepository->loadManifest()
#2 C:\\Users\\user\\Documents\\amarImsfinal\\vendor\\laravel\\framework\\src\\Illuminate\\Foundation\\Application.php(689): Illuminate\\Foundation\\ProviderRepository->load(Array)
#3 C:\\Users\\user\\Documents\\amarImsfinal\\vendor\\laravel\\framework\\src\\Illuminate\\Foundation\\Bootstrap\\RegisterProviders.php(17): Illuminate\\Foundation\\Application->registerConfiguredProviders()
#4 C:\\Users\\user\\Documents\\amarImsfinal\\vendor\\laravel\\framework\\src\\Illuminate\\Foundation\\Application.php(265): Illuminate\\Foundation\\Bootstrap\\RegisterProviders->bootstrap(Object(Illuminate\\Foundation\\Application))
#5 C:\\Users\\user\\Documents\\amarImsfinal\\vendor\\laravel\\framework\\src\\Illuminate\\Foundation\\Console\\Kernel.php(383): Illuminate\\Foundation\\Application->bootstrapWith(Array)
#6 C:\\Users\\user\\Documents\\amarImsfinal\\vendor\\laravel\\framework\\src\\Illuminate\\Foundation\\Console\\Kernel.php(153): Illuminate\\Foundation\\Console\\Kernel->bootstrap()
#7 Command line code(1): Illuminate\\Foundation\\Console\\Kernel->handle(Object(Symfony\\Component\\Console\\Input\\ArgvInput), Object(Symfony\\Component\\Console\\Output\\ConsoleOutput))
#8 {main}
"} 
[2026-06-15 14:25:08] local.ERROR: array_merge(): Argument #2 must be of type array, int given {"exception":"[object] (TypeError(code: 0): array_merge(): Argument #2 must be of type array, int given at C:\\Users\\user\\Documents\\amarImsfinal\\vendor\\laravel\\framework\\src\\Illuminate\\Foundation\\ProviderRepository.php:95)
[stacktrace]
#0 C:\\Users\\user\\Documents\\amarImsfinal\\vendor\\laravel\\framework\\src\\Illuminate\\Foundation\\ProviderRepository.php(95): array_merge(Array, 1)
#1 C:\\Users\\user\\Documents\\amarImsfinal\\vendor\\laravel\\framework\\src\\Illuminate\\Foundation\\ProviderRepository.php(55): Illuminate\\Foundation\\ProviderRepository->loadManifest()
#2 C:\\Users\\user\\Documents\\amarImsfinal\\vendor\\laravel\\framework\\src\\Illuminate\\Foundation\\Application.php(689): Illuminate\\Foundation\\ProviderRepository->load(Array)
#3 C:\\Users\\user\\Documents\\amarImsfinal\\vendor\\laravel\\framework\\src\\Illuminate\\Foundation\\Bootstrap\\RegisterProviders.php(17): Illuminate\\Foundation\\Application->registerConfiguredProviders()
#4 C:\\Users\\user\\Documents\\amarImsfinal\\vendor\\laravel\\framework\\src\\Illuminate\\Foundation\\Application.php(265): Illuminate\\Foundation\\Bootstrap\\RegisterProviders->bootstrap(Object(Illuminate\\Foundation\\Application))
#5 C:\\Users\\user\\Documents\\amarImsfinal\\vendor\\laravel\\framework\\src\\Illuminate\\Foundation\\Console\\Kernel.php(383): Illuminate\\Foundation\\Application->bootstrapWith(Array)
#6 C:\\Users\\user\\Documents\\amarImsfinal\\vendor\\laravel\\framework\\src\\Illuminate\\Foundation\\Console\\Kernel.php(153): Illuminate\\Foundation\\Console\\Kernel->bootstrap()
#7 Command line code(1): Illuminate\\Foundation\\Console\\Kernel->handle(Object(Symfony\\Component\\Console\\Input\\ArgvInput), Object(Symfony\\Component\\Console\\Output\\ConsoleOutput))
#8 {main}
"} 
[2026-06-15 14:26:08] local.ERROR: array_merge(): Argument #2 must be of type array, int given {"exception":"[object] (TypeError(code: 0): array_merge(): Argument #2 must be of type array, int given at C:\\Users\\user\\Documents\\amarImsfinal\\vendor\\laravel\\framework\\src\\Illuminate\\Foundation\\ProviderRepository.php:95)
[stacktrace]
#0 C:\\Users\\user\\Documents\\amarImsfinal\\vendor\\laravel\\framework\\src\\Illuminate\\Foundation\\ProviderRepository.php(95): array_merge(Array, 1)
#1 C:\\Users\\user\\Documents\\amarImsfinal\\vendor\\laravel\\framework\\src\\Illuminate\\Foundation\\ProviderRepository.php(55): Illuminate\\Foundation\\ProviderRepository->loadManifest()
#2 C:\\Users\\user\\Documents\\amarImsfinal\\vendor\\laravel\\framework\\src\\Illuminate\\Foundation\\Application.php(689): Illuminate\\Foundation\\ProviderRepository->load(Array)
#3 C:\\Users\\user\\Documents\\amarImsfinal\\vendor\\laravel\\framework\\src\\Illuminate\\Foundation\\Bootstrap\\RegisterProviders.php(17): Illuminate\\Foundation\\Application->registerConfiguredProviders()
#4 C:\\Users\\user\\Documents\\amarImsfinal\\vendor\\laravel\\framework\\src\\Illuminate\\Foundation\\Application.php(265): Illuminate\\Foundation\\Bootstrap\\RegisterProviders->bootstrap(Object(Illuminate\\Foundation\\Application))
#5 C:\\Users\\user\\Documents\\amarImsfinal\\vendor\\laravel\\framework\\src\\Illuminate\\Foundation\\Console\\Kernel.php(383): Illuminate\\Foundation\\Application->bootstrapWith(Array)
#6 C:\\Users\\user\\Documents\\amarImsfinal\\vendor\\laravel\\framework\\src\\Illuminate\\Foundation\\Console\\Kernel.php(153): Illuminate\\Foundation\\Console\\Kernel->bootstrap()
#7 Command line code(1): Illuminate\\Foundation\\Console\\Kernel->handle(Object(Symfony\\Component\\Console\\Input\\ArgvInput), Object(Symfony\\Component\\Console\\Output\\ConsoleOutput))
#8 {main}
"} 
[2026-06-15 14:26:08] local.ERROR: array_merge(): Argument #2 must be of type array, int given {"exception":"[object] (TypeError(code: 0): array_merge(): Argument #2 must be of type array, int given at C:\\Users\\user\\Documents\\amarImsfinal\\vendor\\laravel\\framework\\src\\Illuminate\\Foundation\\ProviderRepository.php:95)
[stacktrace]
#0 C:\\Users\\user\\Documents\\amarImsfinal\\vendor\\laravel\\framework\\src\\Illuminate\\Foundation\\ProviderRepository.php(95): array_merge(Array, 1)
#1 C:\\Users\\user\\Documents\\amarImsfinal\\vendor\\laravel\\framework\\src\\Illuminate\\Foundation\\ProviderRepository.php(55): Illuminate\\Foundation\\ProviderRepository->loadManifest()
#2 C:\\Users\\user\\Documents\\amarImsfinal\\vendor\\laravel\\framework\\src\\Illuminate\\Foundation\\Application.php(689): Illuminate\\Foundation\\ProviderRepository->load(Array)
#3 C:\\Users\\user\\Documents\\amarImsfinal\\vendor\\laravel\\framework\\src\\Illuminate\\Foundation\\Bootstrap\\RegisterProviders.php(17): Illuminate\\Foundation\\Application->registerConfiguredProviders()
#4 C:\\Users\\user\\Documents\\amarImsfinal\\vendor\\laravel\\framework\\src\\Illuminate\\Foundation\\Application.php(265): Illuminate\\Foundation\\Bootstrap\\RegisterProviders->bootstrap(Object(Illuminate\\Foundation\\Application))
#5 C:\\Users\\user\\Documents\\amarImsfinal\\vendor\\laravel\\framework\\src\\Illuminate\\Foundation\\Console\\Kernel.php(383): Illuminate\\Foundation\\Application->bootstrapWith(Array)
#6 C:\\Users\\user\\Documents\\amarImsfinal\\vendor\\laravel\\framework\\src\\Illuminate\\Foundation\\Console\\Kernel.php(153): Illuminate\\Foundation\\Console\\Kernel->bootstrap()
#7 Command line code(1): Illuminate\\Foundation\\Console\\Kernel->handle(Object(Symfony\\Component\\Console\\Input\\ArgvInput), Object(Symfony\\Component\\Console\\Output\\ConsoleOutput))
#8 {main}
"} 
[2026-06-15 14:27:08] local.ERROR: array_merge(): Argument #2 must be of type array, int given {"exception":"[object] (TypeError(code: 0): array_merge(): Argument #2 must be of type array, int given at C:\\Users\\user\\Documents\\amarImsfinal\\vendor\\laravel\\framework\\src\\Illuminate\\Foundation\\ProviderRepository.php:95)
[stacktrace]
#0 C:\\Users\\user\\Documents\\amarImsfinal\\vendor\\laravel\\framework\\src\\Illuminate\\Foundation\\ProviderRepository.php(95): array_merge(Array, 1)
#1 C:\\Users\\user\\Documents\\amarImsfinal\\vendor\\laravel\\framework\\src\\Illuminate\\Foundation\\ProviderRepository.php(55): Illuminate\\Foundation\\ProviderRepository->loadManifest()
#2 C:\\Users\\user\\Documents\\amarImsfinal\\vendor\\laravel\\framework\\src\\Illuminate\\Foundation\\Application.php(689): Illuminate\\Foundation\\ProviderRepository->load(Array)
#3 C:\\Users\\user\\Documents\\amarImsfinal\\vendor\\laravel\\framework\\src\\Illuminate\\Foundation\\Bootstrap\\RegisterProviders.php(17): Illuminate\\Foundation\\Application->registerConfiguredProviders()
#4 C:\\Users\\user\\Documents\\amarImsfinal\\vendor\\laravel\\framework\\src\\Illuminate\\Foundation\\Application.php(265): Illuminate\\Foundation\\Bootstrap\\RegisterProviders->bootstrap(Object(Illuminate\\Foundation\\Application))
#5 C:\\Users\\user\\Documents\\amarImsfinal\\vendor\\laravel\\framework\\src\\Illuminate\\Foundation\\Console\\Kernel.php(383): Illuminate\\Foundation\\Application->bootstrapWith(Array)
#6 C:\\Users\\user\\Documents\\amarImsfinal\\vendor\\laravel\\framework\\src\\Illuminate\\Foundation\\Console\\Kernel.php(153): Illuminate\\Foundation\\Console\\Kernel->bootstrap()
#7 Command line code(1): Illuminate\\Foundation\\Console\\Kernel->handle(Object(Symfony\\Component\\Console\\Input\\ArgvInput), Object(Symfony\\Component\\Console\\Output\\ConsoleOutput))
#8 {main}
"} 
[2026-06-15 14:27:08] local.ERROR: array_merge(): Argument #2 must be of type array, int given {"exception":"[object] (TypeError(code: 0): array_merge(): Argument #2 must be of type array, int given at C:\\Users\\user\\Documents\\amarImsfinal\\vendor\\laravel\\framework\\src\\Illuminate\\Foundation\\ProviderRepository.php:95)
[stacktrace]
#0 C:\\Users\\user\\Documents\\amarImsfinal\\vendor\\laravel\\framework\\src\\Illuminate\\Foundation\\ProviderRepository.php(95): array_merge(Array, 1)
#1 C:\\Users\\user\\Documents\\amarImsfinal\\vendor\\laravel\\framework\\src\\Illuminate\\Foundation\\ProviderRepository.php(55): Illuminate\\Foundation\\ProviderRepository->loadManifest()
#2 C:\\Users\\user\\Documents\\amarImsfinal\\vendor\\laravel\\framework\\src\\Illuminate\\Foundation\\Application.php(689): Illuminate\\Foundation\\ProviderRepository->load(Array)
#3 C:\\Users\\user\\Documents\\amarImsfinal\\vendor\\laravel\\framework\\src\\Illuminate\\Foundation\\Bootstrap\\RegisterProviders.php(17): Illuminate\\Foundation\\Application->registerConfiguredProviders()
#4 C:\\Users\\user\\Documents\\amarImsfinal\\vendor\\laravel\\framework\\src\\Illuminate\\Foundation\\Application.php(265): Illuminate\\Foundation\\Bootstrap\\RegisterProviders->bootstrap(Object(Illuminate\\Foundation\\Application))
#5 C:\\Users\\user\\Documents\\amarImsfinal\\vendor\\laravel\\framework\\src\\Illuminate\\Foundation\\Console\\Kernel.php(383): Illuminate\\Foundation\\Application->bootstrapWith(Array)
#6 C:\\Users\\user\\Documents\\amarImsfinal\\vendor\\laravel\\framework\\src\\Illuminate\\Foundation\\Console\\Kernel.php(153): Illuminate\\Foundation\\Console\\Kernel->bootstrap()
#7 Command line code(1): Illuminate\\Foundation\\Console\\Kernel->handle(Object(Symfony\\Component\\Console\\Input\\ArgvInput), Object(Symfony\\Component\\Console\\Output\\ConsoleOutput))
#8 {main}
"} 
[2026-06-15 14:28:08] local.ERROR: array_merge(): Argument #2 must be of type array, int given {"exception":"[object] (TypeError(code: 0): array_merge(): Argument #2 must be of type array, int given at C:\\Users\\user\\Documents\\amarImsfinal\\vendor\\laravel\\framework\\src\\Illuminate\\Foundation\\ProviderRepository.php:95)
[stacktrace]
#0 C:\\Users\\user\\Documents\\amarImsfinal\\vendor\\laravel\\framework\\src\\Illuminate\\Foundation\\ProviderRepository.php(95): array_merge(Array, 1)
#1 C:\\Users\\user\\Documents\\amarImsfinal\\vendor\\laravel\\framework\\src\\Illuminate\\Foundation\\ProviderRepository.php(55): Illuminate\\Foundation\\ProviderRepository->loadManifest()
#2 C:\\Users\\user\\Documents\\amarImsfinal\\vendor\\laravel\\framework\\src\\Illuminate\\Foundation\\Application.php(689): Illuminate\\Foundation\\ProviderRepository->load(Array)
#3 C:\\Users\\user\\Documents\\amarImsfinal\\vendor\\laravel\\framework\\src\\Illuminate\\Foundation\\Bootstrap\\RegisterProviders.php(17): Illuminate\\Foundation\\Application->registerConfiguredProviders()
#4 C:\\Users\\user\\Documents\\amarImsfinal\\vendor\\laravel\\framework\\src\\Illuminate\\Foundation\\Application.php(265): Illuminate\\Foundation\\Bootstrap\\RegisterProviders->bootstrap(Object(Illuminate\\Foundation\\Application))
#5 C:\\Users\\user\\Documents\\amarImsfinal\\vendor\\laravel\\framework\\src\\Illuminate\\Foundation\\Console\\Kernel.php(383): Illuminate\\Foundation\\Application->bootstrapWith(Array)
#6 C:\\Users\\user\\Documents\\amarImsfinal\\vendor\\laravel\\framework\\src\\Illuminate\\Foundation\\Console\\Kernel.php(153): Illuminate\\Foundation\\Console\\Kernel->bootstrap()
#7 Command line code(1): Illuminate\\Foundation\\Console\\Kernel->handle(Object(Symfony\\Component\\Console\\Input\\ArgvInput), Object(Symfony\\Component\\Console\\Output\\ConsoleOutput))
#8 {main}
"} 
[2026-06-15 14:28:08] local.ERROR: array_merge(): Argument #2 must be of type array, int given {"exception":"[object] (TypeError(code: 0): array_merge(): Argument #2 must be of type array, int given at C:\\Users\\user\\Documents\\amarImsfinal\\vendor\\laravel\\framework\\src\\Illuminate\\Foundation\\ProviderRepository.php:95)
[stacktrace]
#0 C:\\Users\\user\\Documents\\amarImsfinal\\vendor\\laravel\\framework\\src\\Illuminate\\Foundation\\ProviderRepository.php(95): array_merge(Array, 1)
#1 C:\\Users\\user\\Documents\\amarImsfinal\\vendor\\laravel\\framework\\src\\Illuminate\\Foundation\\ProviderRepository.php(55): Illuminate\\Foundation\\ProviderRepository->loadManifest()
#2 C:\\Users\\user\\Documents\\amarImsfinal\\vendor\\laravel\\framework\\src\\Illuminate\\Foundation\\Application.php(689): Illuminate\\Foundation\\ProviderRepository->load(Array)
#3 C:\\Users\\user\\Documents\\amarImsfinal\\vendor\\laravel\\framework\\src\\Illuminate\\Foundation\\Bootstrap\\RegisterProviders.php(17): Illuminate\\Foundation\\Application->registerConfiguredProviders()
#4 C:\\Users\\user\\Documents\\amarImsfinal\\vendor\\laravel\\framework\\src\\Illuminate\\Foundation\\Application.php(265): Illuminate\\Foundation\\Bootstrap\\RegisterProviders->bootstrap(Object(Illuminate\\Foundation\\Application))
#5 C:\\Users\\user\\Documents\\amarImsfinal\\vendor\\laravel\\framework\\src\\Illuminate\\Foundation\\Console\\Kernel.php(383): Illuminate\\Foundation\\Application->bootstrapWith(Array)
#6 C:\\Users\\user\\Documents\\amarImsfinal\\vendor\\laravel\\framework\\src\\Illuminate\\Foundation\\Console\\Kernel.php(153): Illuminate\\Foundation\\Console\\Kernel->bootstrap()
#7 Command line code(1): Illuminate\\Foundation\\Console\\Kernel->handle(Object(Symfony\\Component\\Console\\Input\\ArgvInput), Object(Symfony\\Component\\Console\\Output\\ConsoleOutput))
#8 {main}
"} 
[2026-06-15 14:29:08] local.ERROR: array_merge(): Argument #2 must be of type array, int given {"exception":"[object] (TypeError(code: 0): array_merge(): Argument #2 must be of type array, int given at C:\\Users\\user\\Documents\\amarImsfinal\\vendor\\laravel\\framework\\src\\Illuminate\\Foundation\\ProviderRepository.php:95)
[stacktrace]
#0 C:\\Users\\user\\Documents\\amarImsfinal\\vendor\\laravel\\framework\\src\\Illuminate\\Foundation\\ProviderRepository.php(95): array_merge(Array, 1)
#1 C:\\Users\\user\\Documents\\amarImsfinal\\vendor\\laravel\\framework\\src\\Illuminate\\Foundation\\ProviderRepository.php(55): Illuminate\\Foundation\\ProviderRepository->loadManifest()
#2 C:\\Users\\user\\Documents\\amarImsfinal\\vendor\\laravel\\framework\\src\\Illuminate\\Foundation\\Application.php(689): Illuminate\\Foundation\\ProviderRepository->load(Array)
#3 C:\\Users\\user\\Documents\\amarImsfinal\\vendor\\laravel\\framework\\src\\Illuminate\\Foundation\\Bootstrap\\RegisterProviders.php(17): Illuminate\\Foundation\\Application->registerConfiguredProviders()
#4 C:\\Users\\user\\Documents\\amarImsfinal\\vendor\\laravel\\framework\\src\\Illuminate\\Foundation\\Application.php(265): Illuminate\\Foundation\\Bootstrap\\RegisterProviders->bootstrap(Object(Illuminate\\Foundation\\Application))
#5 C:\\Users\\user\\Documents\\amarImsfinal\\vendor\\laravel\\framework\\src\\Illuminate\\Foundation\\Console\\Kernel.php(383): Illuminate\\Foundation\\Application->bootstrapWith(Array)
#6 C:\\Users\\user\\Documents\\amarImsfinal\\vendor\\laravel\\framework\\src\\Illuminate\\Foundation\\Console\\Kernel.php(153): Illuminate\\Foundation\\Console\\Kernel->bootstrap()
#7 Command line code(1): Illuminate\\Foundation\\Console\\Kernel->handle(Object(Symfony\\Component\\Console\\Input\\ArgvInput), Object(Symfony\\Component\\Console\\Output\\ConsoleOutput))
#8 {main}
"} 
[2026-06-15 14:29:08] local.ERROR: array_merge(): Argument #2 must be of type array, int given {"exception":"[object] (TypeError(code: 0): array_merge(): Argument #2 must be of type array, int given at C:\\Users\\user\\Documents\\amarImsfinal\\vendor\\laravel\\framework\\src\\Illuminate\\Foundation\\ProviderRepository.php:95)
[stacktrace]
#0 C:\\Users\\user\\Documents\\amarImsfinal\\vendor\\laravel\\framework\\src\\Illuminate\\Foundation\\ProviderRepository.php(95): array_merge(Array, 1)
#1 C:\\Users\\user\\Documents\\amarImsfinal\\vendor\\laravel\\framework\\src\\Illuminate\\Foundation\\ProviderRepository.php(55): Illuminate\\Foundation\\ProviderRepository->loadManifest()
#2 C:\\Users\\user\\Documents\\amarImsfinal\\vendor\\laravel\\framework\\src\\Illuminate\\Foundation\\Application.php(689): Illuminate\\Foundation\\ProviderRepository->load(Array)
#3 C:\\Users\\user\\Documents\\amarImsfinal\\vendor\\laravel\\framework\\src\\Illuminate\\Foundation\\Bootstrap\\RegisterProviders.php(17): Illuminate\\Foundation\\Application->registerConfiguredProviders()
#4 C:\\Users\\user\\Documents\\amarImsfinal\\vendor\\laravel\\framework\\src\\Illuminate\\Foundation\\Application.php(265): Illuminate\\Foundation\\Bootstrap\\RegisterProviders->bootstrap(Object(Illuminate\\Foundation\\Application))
#5 C:\\Users\\user\\Documents\\amarImsfinal\\vendor\\laravel\\framework\\src\\Illuminate\\Foundation\\Console\\Kernel.php(383): Illuminate\\Foundation\\Application->bootstrapWith(Array)
#6 C:\\Users\\user\\Documents\\amarImsfinal\\vendor\\laravel\\framework\\src\\Illuminate\\Foundation\\Console\\Kernel.php(153): Illuminate\\Foundation\\Console\\Kernel->bootstrap()
#7 Command line code(1): Illuminate\\Foundation\\Console\\Kernel->handle(Object(Symfony\\Component\\Console\\Input\\ArgvInput), Object(Symfony\\Component\\Console\\Output\\ConsoleOutput))
#8 {main}
"} 
[2026-06-15 14:30:07] local.ERROR: array_merge(): Argument #2 must be of type array, int given {"exception":"[object] (TypeError(code: 0): array_merge(): Argument #2 must be of type array, int given at C:\\Users\\user\\Documents\\amarImsfinal\\vendor\\laravel\\framework\\src\\Illuminate\\Foundation\\ProviderRepository.php:95)
[stacktrace]
#0 C:\\Users\\user\\Documents\\amarImsfinal\\vendor\\laravel\\framework\\src\\Illuminate\\Foundation\\ProviderRepository.php(95): array_merge(Array, 1)
#1 C:\\Users\\user\\Documents\\amarImsfinal\\vendor\\laravel\\framework\\src\\Illuminate\\Foundation\\ProviderRepository.php(55): Illuminate\\Foundation\\ProviderRepository->loadManifest()
#2 C:\\Users\\user\\Documents\\amarImsfinal\\vendor\\laravel\\framework\\src\\Illuminate\\Foundation\\Application.php(689): Illuminate\\Foundation\\ProviderRepository->load(Array)
#3 C:\\Users\\user\\Documents\\amarImsfinal\\vendor\\laravel\\framework\\src\\Illuminate\\Foundation\\Bootstrap\\RegisterProviders.php(17): Illuminate\\Foundation\\Application->registerConfiguredProviders()
#4 C:\\Users\\user\\Documents\\amarImsfinal\\vendor\\laravel\\framework\\src\\Illuminate\\Foundation\\Application.php(265): Illuminate\\Foundation\\Bootstrap\\RegisterProviders->bootstrap(Object(Illuminate\\Foundation\\Application))
#5 C:\\Users\\user\\Documents\\amarImsfinal\\vendor\\laravel\\framework\\src\\Illuminate\\Foundation\\Console\\Kernel.php(383): Illuminate\\Foundation\\Application->bootstrapWith(Array)
#6 C:\\Users\\user\\Documents\\amarImsfinal\\vendor\\laravel\\framework\\src\\Illuminate\\Foundation\\Console\\Kernel.php(153): Illuminate\\Foundation\\Console\\Kernel->bootstrap()
#7 Command line code(1): Illuminate\\Foundation\\Console\\Kernel->handle(Object(Symfony\\Component\\Console\\Input\\ArgvInput), Object(Symfony\\Component\\Console\\Output\\ConsoleOutput))
#8 {main}
"} 
[2026-06-15 14:30:08] local.ERROR: array_merge(): Argument #2 must be of type array, int given {"exception":"[object] (TypeError(code: 0): array_merge(): Argument #2 must be of type array, int given at C:\\Users\\user\\Documents\\amarImsfinal\\vendor\\laravel\\framework\\src\\Illuminate\\Foundation\\ProviderRepository.php:95)
[stacktrace]
#0 C:\\Users\\user\\Documents\\amarImsfinal\\vendor\\laravel\\framework\\src\\Illuminate\\Foundation\\ProviderRepository.php(95): array_merge(Array, 1)
#1 C:\\Users\\user\\Documents\\amarImsfinal\\vendor\\laravel\\framework\\src\\Illuminate\\Foundation\\ProviderRepository.php(55): Illuminate\\Foundation\\ProviderRepository->loadManifest()
#2 C:\\Users\\user\\Documents\\amarImsfinal\\vendor\\laravel\\framework\\src\\Illuminate\\Foundation\\Application.php(689): Illuminate\\Foundation\\ProviderRepository->load(Array)
#3 C:\\Users\\user\\Documents\\amarImsfinal\\vendor\\laravel\\framework\\src\\Illuminate\\Foundation\\Bootstrap\\RegisterProviders.php(17): Illuminate\\Foundation\\Application->registerConfiguredProviders()
#4 C:\\Users\\user\\Documents\\amarImsfinal\\vendor\\laravel\\framework\\src\\Illuminate\\Foundation\\Application.php(265): Illuminate\\Foundation\\Bootstrap\\RegisterProviders->bootstrap(Object(Illuminate\\Foundation\\Application))
#5 C:\\Users\\user\\Documents\\amarImsfinal\\vendor\\laravel\\framework\\src\\Illuminate\\Foundation\\Console\\Kernel.php(383): Illuminate\\Foundation\\Application->bootstrapWith(Array)
#6 C:\\Users\\user\\Documents\\amarImsfinal\\vendor\\laravel\\framework\\src\\Illuminate\\Foundation\\Console\\Kernel.php(153): Illuminate\\Foundation\\Console\\Kernel->bootstrap()
#7 Command line code(1): Illuminate\\Foundation\\Console\\Kernel->handle(Object(Symfony\\Component\\Console\\Input\\ArgvInput), Object(Symfony\\Component\\Console\\Output\\ConsoleOutput))
#8 {main}
"} 
[2026-06-15 14:30:08] local.ERROR: array_merge(): Argument #2 must be of type array, int given {"exception":"[object] (TypeError(code: 0): array_merge(): Argument #2 must be of type array, int given at C:\\Users\\user\\Documents\\amarImsfinal\\vendor\\laravel\\framework\\src\\Illuminate\\Foundation\\ProviderRepository.php:95)
[stacktrace]
#0 C:\\Users\\user\\Documents\\amarImsfinal\\vendor\\laravel\\framework\\src\\Illuminate\\Foundation\\ProviderRepository.php(95): array_merge(Array, 1)
#1 C:\\Users\\user\\Documents\\amarImsfinal\\vendor\\laravel\\framework\\src\\Illuminate\\Foundation\\ProviderRepository.php(55): Illuminate\\Foundation\\ProviderRepository->loadManifest()
#2 C:\\Users\\user\\Documents\\amarImsfinal\\vendor\\laravel\\framework\\src\\Illuminate\\Foundation\\Application.php(689): Illuminate\\Foundation\\ProviderRepository->load(Array)
#3 C:\\Users\\user\\Documents\\amarImsfinal\\vendor\\laravel\\framework\\src\\Illuminate\\Foundation\\Bootstrap\\RegisterProviders.php(17): Illuminate\\Foundation\\Application->registerConfiguredProviders()
#4 C:\\Users\\user\\Documents\\amarImsfinal\\vendor\\laravel\\framework\\src\\Illuminate\\Foundation\\Application.php(265): Illuminate\\Foundation\\Bootstrap\\RegisterProviders->bootstrap(Object(Illuminate\\Foundation\\Application))
#5 C:\\Users\\user\\Documents\\amarImsfinal\\vendor\\laravel\\framework\\src\\Illuminate\\Foundation\\Console\\Kernel.php(383): Illuminate\\Foundation\\Application->bootstrapWith(Array)
#6 C:\\Users\\user\\Documents\\amarImsfinal\\vendor\\laravel\\framework\\src\\Illuminate\\Foundation\\Console\\Kernel.php(153): Illuminate\\Foundation\\Console\\Kernel->bootstrap()
#7 Command line code(1): Illuminate\\Foundation\\Console\\Kernel->handle(Object(Symfony\\Component\\Console\\Input\\ArgvInput), Object(Symfony\\Component\\Console\\Output\\ConsoleOutput))
#8 {main}
"} 
[2026-06-15 14:31:09] local.ERROR: array_merge(): Argument #2 must be of type array, int given {"exception":"[object] (TypeError(code: 0): array_merge(): Argument #2 must be of type array, int given at C:\\Users\\user\\Documents\\amarImsfinal\\vendor\\laravel\\framework\\src\\Illuminate\\Foundation\\ProviderRepository.php:95)
[stacktrace]
#0 C:\\Users\\user\\Documents\\amarImsfinal\\vendor\\laravel\\framework\\src\\Illuminate\\Foundation\\ProviderRepository.php(95): array_merge(Array, 1)
#1 C:\\Users\\user\\Documents\\amarImsfinal\\vendor\\laravel\\framework\\src\\Illuminate\\Foundation\\ProviderRepository.php(55): Illuminate\\Foundation\\ProviderRepository->loadManifest()
#2 C:\\Users\\user\\Documents\\amarImsfinal\\vendor\\laravel\\framework\\src\\Illuminate\\Foundation\\Application.php(689): Illuminate\\Foundation\\ProviderRepository->load(Array)
#3 C:\\Users\\user\\Documents\\amarImsfinal\\vendor\\laravel\\framework\\src\\Illuminate\\Foundation\\Bootstrap\\RegisterProviders.php(17): Illuminate\\Foundation\\Application->registerConfiguredProviders()
#4 C:\\Users\\user\\Documents\\amarImsfinal\\vendor\\laravel\\framework\\src\\Illuminate\\Foundation\\Application.php(265): Illuminate\\Foundation\\Bootstrap\\RegisterProviders->bootstrap(Object(Illuminate\\Foundation\\Application))
#5 C:\\Users\\user\\Documents\\amarImsfinal\\vendor\\laravel\\framework\\src\\Illuminate\\Foundation\\Console\\Kernel.php(383): Illuminate\\Foundation\\Application->bootstrapWith(Array)
#6 C:\\Users\\user\\Documents\\amarImsfinal\\vendor\\laravel\\framework\\src\\Illuminate\\Foundation\\Console\\Kernel.php(153): Illuminate\\Foundation\\Console\\Kernel->bootstrap()
#7 Command line code(1): Illuminate\\Foundation\\Console\\Kernel->handle(Object(Symfony\\Component\\Console\\Input\\ArgvInput), Object(Symfony\\Component\\Console\\Output\\ConsoleOutput))
#8 {main}
"} 
[2026-06-15 14:31:09] local.ERROR: array_merge(): Argument #2 must be of type array, int given {"exception":"[object] (TypeError(code: 0): array_merge(): Argument #2 must be of type array, int given at C:\\Users\\user\\Documents\\amarImsfinal\\vendor\\laravel\\framework\\src\\Illuminate\\Foundation\\ProviderRepository.php:95)
[stacktrace]
#0 C:\\Users\\user\\Documents\\amarImsfinal\\vendor\\laravel\\framework\\src\\Illuminate\\Foundation\\ProviderRepository.php(95): array_merge(Array, 1)
#1 C:\\Users\\user\\Documents\\amarImsfinal\\vendor\\laravel\\framework\\src\\Illuminate\\Foundation\\ProviderRepository.php(55): Illuminate\\Foundation\\ProviderRepository->loadManifest()
#2 C:\\Users\\user\\Documents\\amarImsfinal\\vendor\\laravel\\framework\\src\\Illuminate\\Foundation\\Application.php(689): Illuminate\\Foundation\\ProviderRepository->load(Array)
#3 C:\\Users\\user\\Documents\\amarImsfinal\\vendor\\laravel\\framework\\src\\Illuminate\\Foundation\\Bootstrap\\RegisterProviders.php(17): Illuminate\\Foundation\\Application->registerConfiguredProviders()
#4 C:\\Users\\user\\Documents\\amarImsfinal\\vendor\\laravel\\framework\\src\\Illuminate\\Foundation\\Application.php(265): Illuminate\\Foundation\\Bootstrap\\RegisterProviders->bootstrap(Object(Illuminate\\Foundation\\Application))
#5 C:\\Users\\user\\Documents\\amarImsfinal\\vendor\\laravel\\framework\\src\\Illuminate\\Foundation\\Console\\Kernel.php(383): Illuminate\\Foundation\\Application->bootstrapWith(Array)
#6 C:\\Users\\user\\Documents\\amarImsfinal\\vendor\\laravel\\framework\\src\\Illuminate\\Foundation\\Console\\Kernel.php(153): Illuminate\\Foundation\\Console\\Kernel->bootstrap()
#7 Command line code(1): Illuminate\\Foundation\\Console\\Kernel->handle(Object(Symfony\\Component\\Console\\Input\\ArgvInput), Object(Symfony\\Component\\Console\\Output\\ConsoleOutput))
#8 {main}
"} 
[2026-06-15 14:32:08] local.ERROR: rename(C:\Users\user\Documents\amarImsfinal\bootstrap\cache\pacD5EA.tmp,C:\Users\user\Documents\amarImsfinal\bootstrap\cache\packages.php): Access is denied (code: 5) {"exception":"[object] (ErrorException(code: 0): rename(C:\\Users\\user\\Documents\\amarImsfinal\\bootstrap\\cache\\pacD5EA.tmp,C:\\Users\\user\\Documents\\amarImsfinal\\bootstrap\\cache\\packages.php): Access is denied (code: 5) at C:\\Users\\user\\Documents\\amarImsfinal\\vendor\\laravel\\framework\\src\\Illuminate\\Filesystem\\Filesystem.php:219)
[stacktrace]
#0 C:\\Users\\user\\Documents\\amarImsfinal\\vendor\\laravel\\framework\\src\\Illuminate\\Foundation\\Bootstrap\\HandleExceptions.php(272): Illuminate\\Foundation\\Bootstrap\\HandleExceptions->handleError(2, 'rename(C:\\\\Users...', 'C:\\\\Users\\\\user\\\\D...', 219)
#1 [internal function]: Illuminate\\Foundation\\Bootstrap\\HandleExceptions->Illuminate\\Foundation\\Bootstrap\\{closure}(2, 'rename(C:\\\\Users...', 'C:\\\\Users\\\\user\\\\D...', 219)
#2 C:\\Users\\user\\Documents\\amarImsfinal\\vendor\\laravel\\framework\\src\\Illuminate\\Filesystem\\Filesystem.php(219): rename('C:\\\\Users\\\\user\\\\D...', 'C:\\\\Users\\\\user\\\\D...')
#3 C:\\Users\\user\\Documents\\amarImsfinal\\vendor\\laravel\\framework\\src\\Illuminate\\Foundation\\PackageManifest.php(181): Illuminate\\Filesystem\\Filesystem->replace('C:\\\\Users\\\\user\\\\D...', '<?php return ar...')
#4 C:\\Users\\user\\Documents\\amarImsfinal\\vendor\\laravel\\framework\\src\\Illuminate\\Foundation\\PackageManifest.php(131): Illuminate\\Foundation\\PackageManifest->write(Array)
#5 C:\\Users\\user\\Documents\\amarImsfinal\\vendor\\laravel\\framework\\src\\Illuminate\\Foundation\\PackageManifest.php(107): Illuminate\\Foundation\\PackageManifest->build()
#6 C:\\Users\\user\\Documents\\amarImsfinal\\vendor\\laravel\\framework\\src\\Illuminate\\Foundation\\PackageManifest.php(90): Illuminate\\Foundation\\PackageManifest->getManifest()
#7 C:\\Users\\user\\Documents\\amarImsfinal\\vendor\\laravel\\framework\\src\\Illuminate\\Foundation\\PackageManifest.php(79): Illuminate\\Foundation\\PackageManifest->config('aliases')
#8 C:\\Users\\user\\Documents\\amarImsfinal\\vendor\\laravel\\framework\\src\\Illuminate\\Foundation\\Bootstrap\\RegisterFacades.php(26): Illuminate\\Foundation\\PackageManifest->aliases()
#9 C:\\Users\\user\\Documents\\amarImsfinal\\vendor\\laravel\\framework\\src\\Illuminate\\Foundation\\Application.php(265): Illuminate\\Foundation\\Bootstrap\\RegisterFacades->bootstrap(Object(Illuminate\\Foundation\\Application))
#10 C:\\Users\\user\\Documents\\amarImsfinal\\vendor\\laravel\\framework\\src\\Illuminate\\Foundation\\Console\\Kernel.php(383): Illuminate\\Foundation\\Application->bootstrapWith(Array)
#11 C:\\Users\\user\\Documents\\amarImsfinal\\vendor\\laravel\\framework\\src\\Illuminate\\Foundation\\Console\\Kernel.php(153): Illuminate\\Foundation\\Console\\Kernel->bootstrap()
#12 Command line code(1): Illuminate\\Foundation\\Console\\Kernel->handle(Object(Symfony\\Component\\Console\\Input\\ArgvInput), Object(Symfony\\Component\\Console\\Output\\ConsoleOutput))
#13 {main}
"} 
